makerom,0,1060,0,0
boot,1060,7430,1060,0
dmadata,7430,D390,7430,0
Audiobank,D390,29DF0,D390,0
Audioseq,29DF0,79470,29DF0,0
Audiotable,79470,4D9F40,79470,0
kanji,4D9F40,556240,4D9F40,0
link_animetion,557000,7BCC30,556240,0
icon_item_static,7BD000,8458A0,7BBE70,0
icon_item_24_static,846000,851400,844710,0
icon_item_field_static,852000,85D930,84FB10,856570
icon_item_dungeon_static,85E000,85FD80,856570,856B90
icon_item_gameover_static,860000,863300,856B90,858290
icon_item_jpn_static,864000,871C80,858290,85D840
icon_item_nes_static,872000,87FC80,85D840,863220
item_name_static,880000,8BD800,863220,0
map_name_static,8BE000,8DF800,8A0A20,0
do_action_static,8E0000,8E5700,8C2220,0
message_static,8E6000,8EA180,8C7920,0
jpn_message_data_static,8EB000,925360,8CBAA0,0
message_texture_static,926000,927200,905E00,0
nes_font_static,928000,92C580,907000,0
nes_message_data_static,92D000,965110,90B580,0
staff_message_data_static,966000,966F80,943690,0
map_grand_static,967000,975350,944610,0
map_i_static,976000,A64110,952960,0
map_48x85_static,A65000,A86DE0,A40A70,0
code,A87000,B8AB20,A62850,AFD790
n64dd,B8AB20,B9D740,AFD790,B073B0
ovl_title,B9D740,B9E100,B073B0,B07B70
ovl_select,B9E100,BA0E60,B07B70,B096D0
ovl_opening,BA0E60,BA0FC0,B096D0,B09800
ovl_file_choose,BA0FC0,BB0EE0,B09800,B12620
ovl_kaleido_scope,BB0EE0,BCD860,B12620,B21650
ovl_player_actor,BCD860,BF3BE0,B21650,B3A6D0
ovl_map_mark_data,BF3BE0,BFA740,B3A6D0,B3AA80
ovl_En_Test,BFA740,BFFFF0,B3AA80,B3DF50
ovl_En_GirlA,BFFFF0,C02910,B3DF50,B3F3C0
ovl_En_Part,C02910,C03F20,B3F3C0,B403E0
ovl_En_Light,C03F20,C04D10,B403E0,B40DA0
ovl_En_Door,C04D10,C05B40,B40DA0,B41960
ovl_En_Box,C05B40,C07570,B41960,B42BF0
ovl_En_Poh,C07570,C0B6E0,B42BF0,B45650
ovl_En_Okuta,C0B6E0,C0DCC0,B45650,B47090
ovl_En_Bom,C0DCC0,C0EB90,B47090,B47C40
ovl_En_Wallmas,C0EB90,C105A0,B47C40,B48DE0
ovl_En_Dodongo,C105A0,C13340,B48DE0,B4AD20
ovl_En_Firefly,C13340,C154B0,B4AD20,B4C390
ovl_En_Horse,C154B0,C216D0,B4C390,B53B60
ovl_En_Arrow,C216D0,C22DC0,B53B60,B54BE0
ovl_En_Elf,C22DC0,C27780,B54BE0,B57BA0
ovl_En_Niw,C27780,C2AAB0,B57BA0,B5A070
ovl_En_Tite,C2AAB0,C2D850,B5A070,B5BB40
ovl_En_Reeba,C2D850,C2F2C0,B5BB40,B5CE40
ovl_En_Peehat,C2F2C0,C32990,B5CE40,B5F0F0
ovl_En_Holl,C32990,C33A30,B5F0F0,B5FD00
ovl_En_Scene_Change,C33A30,C33B60,B5FD00,B5FDF0
ovl_En_Zf,C33B60,C3A640,B5FDF0,B64250
ovl_En_Hata,C3A640,C3ABD0,B64250,B64750
ovl_Boss_Dodongo,C3ABD0,C446B0,B64750,B6A9F0
ovl_Boss_Goma,C446B0,C4A630,B6A9F0,B6E3A0
ovl_En_Zl1,C4A630,C4E430,B6E3A0,B702D0
ovl_En_Viewer,C4E430,C512E0,B702D0,B72200
ovl_En_Goma,C512E0,C53F70,B72200,B73FA0
ovl_Bg_Pushbox,C53F70,C54270,B73FA0,B74230
ovl_En_Bubble,C54270,C55690,B74230,B75190
ovl_Door_Shutter,C55690,C57910,B75190,B76A50
ovl_En_Dodojr,C57910,C597B0,B76A50,B77FB0
ovl_En_Bdfire,C597B0,C5A340,B77FB0,B788B0
ovl_En_Boom,C5A340,C5AC00,B788B0,B78FF0
ovl_En_Torch2,C5AC00,C5D270,B78FF0,B7AC00
ovl_En_Bili,C5D270,C5F540,B7AC00,B7C430
ovl_En_Tp,C5F540,C61390,B7C430,B7DA50
ovl_En_St,C61390,C64000,B7DA50,B7F930
ovl_En_Bw,C64000,C67360,B7F930,B81BD0
ovl_En_Eiyer,C67360,C68FC0,B81BD0,B82FF0
ovl_En_River_Sound,C68FC0,C69950,B82FF0,B837C0
ovl_En_Horse_Normal,C69950,C6BF70,B837C0,B85020
ovl_En_Ossan,C6BF70,C72550,B85020,B88800
ovl_Bg_Treemouth,C72550,C73BA0,B88800,B89400
ovl_Bg_Dodoago,C73BA0,C748E0,B89400,B89E60
ovl_Bg_Hidan_Dalm,C748E0,C75130,B89E60,B8A4C0
ovl_Bg_Hidan_Hrock,C75130,C75960,B8A4C0,B8AB30
ovl_En_Horse_Ganon,C75960,C766E0,B8AB30,B8B5A0
ovl_Bg_Hidan_Rock,C766E0,C777D0,B8B5A0,B8C270
ovl_Bg_Hidan_Rsekizou,C777D0,C783B0,B8C270,B8CB60
ovl_Bg_Hidan_Sekizou,C783B0,C79800,B8CB60,B8DAE0
ovl_Bg_Hidan_Sima,C79800,C7A720,B8DAE0,B8E6E0
ovl_Bg_Hidan_Syoku,C7A720,C7AB80,B8E6E0,B8E9F0
ovl_En_Xc,C7AB80,C812E0,B8E9F0,B91E90
ovl_Bg_Hidan_Curtain,C812E0,C81D80,B91E90,B926D0
ovl_Bg_Spot00_Hanebasi,C81D80,C82E90,B926D0,B934A0
ovl_En_Mb,C82E90,C86FD0,B934A0,B95F40
ovl_En_Bombf,C86FD0,C88440,B95F40,B96F40
ovl_Bg_Hidan_Firewall,C88440,C88BA0,B96F40,B97560
ovl_Bg_Dy_Yoseizo,C88BA0,C8B8F0,B97560,B993A0
ovl_En_Zl2,C8B8F0,C90020,B993A0,B9B770
ovl_Bg_Hidan_Fslift,C90020,C904F0,B9B770,B9BB20
ovl_En_OE2,C904F0,C905D0,B9BB20,B9BBB0
ovl_Bg_Ydan_Hasi,C905D0,C90D80,B9BBB0,B9C1D0
ovl_Bg_Ydan_Maruta,C90D80,C91460,B9C1D0,B9C750
ovl_Boss_Ganondrof,C91460,C961D0,B9C750,B9FAA0
ovl_En_Am,C961D0,C985D0,B9FAA0,BA12D0
ovl_En_Dekubaba,C985D0,C9C070,BA12D0,BA38B0
ovl_En_M_Fire1,C9C070,C9C210,BA38B0,BA3A00
ovl_En_M_Thunder,C9C210,C9D800,BA3A00,BA49F0
ovl_Bg_Ddan_Jd,C9D800,C9DE50,BA49F0,BA4EF0
ovl_Bg_Breakwall,C9DE50,C9ECC0,BA4EF0,BA5A50
ovl_En_Jj,C9ECC0,CA0290,BA5A50,BA66A0
ovl_En_Horse_Zelda,CA0290,CA0D80,BA66A0,BA6F70
ovl_Bg_Ddan_Kd,CA0D80,CA1670,BA6F70,BA7650
ovl_Door_Warp1,CA1670,CA5910,BA7650,BA9DA0
ovl_Obj_Syokudai,CA5910,CA6540,BA9DA0,BAA7D0
ovl_Item_B_Heart,CA6540,CA6930,BAA7D0,BAAB40
ovl_En_Dekunuts,CA6930,CA8130,BAAB40,BABAF0
ovl_Bg_Menkuri_Kaiten,CA8130,CA82C0,BABAF0,BABC50
ovl_Bg_Menkuri_Eye,CA82C0,CA8750,BABC50,BAC040
ovl_En_Vali,CA8750,CAADF0,BAC040,BADAE0
ovl_Bg_Mizu_Movebg,CAADF0,CABF80,BADAE0,BAE7C0
ovl_Bg_Mizu_Water,CABF80,CACC50,BAE7C0,BAF0C0
ovl_Arms_Hook,CACC50,CAD9B0,BAF0C0,BAFB50
ovl_En_fHG,CAD9B0,CB02E0,BAFB50,BB1690
ovl_Bg_Mori_Hineri,CB02E0,CB0FB0,BB1690,BB2010
ovl_En_Bb,CB0FB0,CB4C80,BB2010,BB4BC0
ovl_Bg_Toki_Hikari,CB4C80,CB5A20,BB4BC0,BB53F0
ovl_En_Yukabyun,CB5A20,CB6030,BB53F0,BB5940
ovl_Bg_Toki_Swd,CB6030,CB7680,BB5940,BB6380
ovl_En_Fhg_Fire,CB7680,CB9CA0,BB6380,BB7F00
ovl_Bg_Mjin,CB9CA0,CBA080,BB7F00,BB8250
ovl_Bg_Hidan_Kousi,CBA080,CBA600,BB8250,BB8680
ovl_Door_Toki,CBA600,CBA760,BB8680,BB87A0
ovl_Bg_Hidan_Hamstep,CBA760,CBB5F0,BB87A0,BB92B0
ovl_En_Bird,CBB5F0,CBBAB0,BB92B0,BB9690
ovl_En_Wood02,CBBAB0,CBCC80,BB9690,BBA4D0
ovl_En_Lightbox,CBCC80,CBD100,BBA4D0,BBA8A0
ovl_En_Pu_box,CBD100,CBD440,BBA8A0,BBAB80
ovl_En_Trap,CBD440,CBE6E0,BBAB80,BBB7C0
ovl_En_Arow_Trap,CBE6E0,CBE830,BBB7C0,BBB900
ovl_En_Vase,CBE830,CBE930,BBB900,BBB9E0
ovl_En_Ta,CBE930,CC22F0,BBB9E0,BBDD10
ovl_En_Tk,CC22F0,CC4120,BBDD10,BBF340
ovl_Bg_Mori_Bigst,CC4120,CC4A50,BBF340,BBF9B0
ovl_Bg_Mori_Elevator,CC4A50,CC5540,BBF9B0,BC0100
ovl_Bg_Mori_Kaitenkabe,CC5540,CC5BA0,BC0100,BC0650
ovl_Bg_Mori_Rakkatenjo,CC5BA0,CC6510,BC0650,BC0D10
ovl_En_Vm,CC6510,CC7DC0,BC0D10,BC1EA0
ovl_Demo_Effect,CC7DC0,CCD8C0,BC1EA0,BC5A30
ovl_Demo_Kankyo,CCD8C0,CD1550,BC5A30,BC7E60
ovl_Bg_Hidan_Fwbig,CD1550,CD2230,BC7E60,BC88C0
ovl_En_Floormas,CD2230,CD5610,BC88C0,BCA8B0
ovl_En_Heishi1,CD5610,CD6B20,BCA8B0,BCB700
ovl_En_Rd,CD6B20,CD93D0,BCB700,BCD120
ovl_En_Po_Sisters,CD93D0,CDE0C0,BCD120,BD0340
ovl_Bg_Heavy_Block,CDE0C0,CDF9B0,BD0340,BD1580
ovl_Bg_Po_Event,CDF9B0,CE17E0,BD1580,BD2BD0
ovl_Obj_Mure,CE17E0,CE27F0,BD2BD0,BD3700
ovl_En_Sw,CE27F0,CE5F80,BD3700,BD5F70
ovl_Boss_Fd,CE5F80,CED2B0,BD5F70,BDAC80
ovl_Object_Kankyo,CED2B0,CF04D0,BDAC80,BDD040
ovl_En_Du,CF04D0,CF1F70,BDD040,BDE240
ovl_En_Fd,CF1F70,CF4C00,BDE240,BE0320
ovl_En_Horse_Link_Child,CF4C00,CF6A00,BE0320,BE1520
ovl_Door_Ana,CF6A00,CF7070,BE1520,BE1A70
ovl_Bg_Spot02_Objects,CF7070,CF83C0,BE1A70,BE2810
ovl_Bg_Haka,CF83C0,CF8A80,BE2810,BE2DC0
ovl_Magic_Wind,CF8A80,CFA780,BE2DC0,BE4750
ovl_Magic_Fire,CFA780,CFCA50,BE4750,BE6670
ovl_En_Ru1,CFCA50,D040A0,BE6670,BEA3C0
ovl_Boss_Fd2,D040A0,D07DD0,BEA3C0,BECF30
ovl_En_Fd_Fire,D07DD0,D08AE0,BECF30,BEDA10
ovl_En_Dh,D08AE0,D0A590,BEDA10,BEED80
ovl_En_Dha,D0A590,D0B500,BEED80,BEF8E0
ovl_En_Rl,D0B500,D0C3E0,BEF8E0,BF0210
ovl_En_Encount1,D0C3E0,D0CF40,BF0210,BF0B70
ovl_Demo_Du,D0CF40,D10720,BF0B70,BF26B0
ovl_Demo_Im,D10720,D14690,BF26B0,BF4650
ovl_Demo_Tre_Lgt,D14690,D14DA0,BF4650,BF4C40
ovl_En_Fw,D14DA0,D16550,BF4C40,BF5F70
ovl_Bg_Vb_Sima,D16550,D16C60,BF5F70,BF65C0
ovl_En_Vb_Ball,D16C60,D17E00,BF65C0,BF7320
ovl_Bg_Haka_Megane,D17E00,D18200,BF7320,BF7670
ovl_Bg_Haka_MeganeBG,D18200,D188C0,BF7670,BF7BC0
ovl_Bg_Haka_Ship,D188C0,D19300,BF7BC0,BF83D0
ovl_Bg_Haka_Sgami,D19300,D19F20,BF83D0,BF8D50
ovl_En_Heishi2,D19F20,D1C120,BF8D50,BFA200
ovl_En_Encount2,D1C120,D1D350,BFA200,BFB000
ovl_En_Fire_Rock,D1D350,D1E460,BFB000,BFBC70
ovl_En_Brob,D1E460,D1F550,BFBC70,BFC8B0
ovl_Mir_Ray,D1F550,D20E10,BFC8B0,BFDCB0
ovl_Bg_Spot09_Obj,D20E10,D21320,BFDCB0,BFE080
ovl_Bg_Spot18_Obj,D21320,D21BF0,BFE080,BFE6D0
ovl_Boss_Va,D21BF0,D303E0,BFE6D0,C07D20
ovl_Bg_Haka_Tubo,D303E0,D30E00,C07D20,C08560
ovl_Bg_Haka_Trap,D30E00,D323D0,C08560,C09570
ovl_Bg_Haka_Huta,D323D0,D32E70,C09570,C09DE0
ovl_Bg_Haka_Zou,D32E70,D34060,C09DE0,C0AB60
ovl_Bg_Spot17_Funen,D34060,D342B0,C0AB60,C0AD80
ovl_En_Syateki_Itm,D342B0,D35050,C0AD80,C0B7E0
ovl_En_Syateki_Man,D35050,D35E10,C0B7E0,C0C210
ovl_En_Tana,D35E10,D360B0,C0C210,C0C450
ovl_En_Nb,D360B0,D3A680,C0C450,C0E8C0
ovl_Boss_Mo,D3A680,D45C20,C0E8C0,C16650
ovl_En_Sb,D45C20,D47060,C16650,C173D0
ovl_En_Bigokuta,D47060,D49B70,C173D0,C19120
ovl_En_Karebaba,D49B70,D4B460,C19120,C1A290
ovl_Bg_Bdan_Objects,D4B460,D4C730,C1A290,C1AFC0
ovl_Demo_Sa,D4C730,D4F250,C1AFC0,C1C520
ovl_Demo_Go,D4F250,D4FFB0,C1C520,C1CE60
ovl_En_In,D4FFB0,D52D10,C1CE60,C1EEF0
ovl_En_Tr,D52D10,D54610,C1EEF0,C20100
ovl_Bg_Spot16_Bombstone,D54610,D55B50,C20100,C211D0
ovl_Bg_Hidan_Kowarerukabe,D55B50,D56A20,C211D0,C21BB0
ovl_Bg_Bombwall,D56A20,D572E0,C21BB0,C22290
ovl_En_Ru2,D572E0,D5A060,C22290,C238F0
ovl_Obj_Dekujr,D5A060,D5A6A0,C238F0,C23E30
ovl_Bg_Mizu_Uzu,D5A6A0,D5A870,C23E30,C23FB0
ovl_Bg_Spot06_Objects,D5A870,D5BC80,C23FB0,C24EC0
ovl_Bg_Ice_Objects,D5BC80,D5CBC0,C24EC0,C25900
ovl_Bg_Haka_Water,D5CBC0,D5D3A0,C25900,C25EE0
ovl_En_Ma2,D5D3A0,D5E400,C25EE0,C26B70
ovl_En_Bom_Chu,D5E400,D5FAA0,C26B70,C27D60
ovl_En_Horse_Game_Check,D5FAA0,D60B70,C27D60,C28980
ovl_Boss_Tw,D60B70,D73BF0,C28980,C34F60
ovl_En_Rr,D73BF0,D76110,C34F60,C36A80
ovl_En_Ba,D76110,D77FE0,C36A80,C37EE0
ovl_En_Bx,D77FE0,D78AD0,C37EE0,C38890
ovl_En_Anubice,D78AD0,D79D80,C38890,C39660
ovl_En_Anubice_Fire,D79D80,D7AB40,C39660,C3A1C0
ovl_Bg_Mori_Hashigo,D7AB40,D7B400,C3A1C0,C3A840
ovl_Bg_Mori_Hashira4,D7B400,D7B980,C3A840,C3AC90
ovl_Bg_Mori_Idomizu,D7B980,D7BFC0,C3AC90,C3B170
ovl_Bg_Spot16_Doughnut,D7BFC0,D7C570,C3B170,C3B640
ovl_Bg_Bdan_Switch,D7C570,D7D9A0,C3B640,C3C1F0
ovl_En_Ma1,D7D9A0,D7EC80,C3C1F0,C3CFF0
ovl_Boss_Ganon,D7EC80,DA0EF0,C3CFF0,C52710
ovl_Boss_Sst,DA0EF0,DAD410,C52710,C5A200
ovl_En_Ny,DAD410,DAED40,C5A200,C5B460
ovl_En_Fr,DAED40,DB17D0,C5B460,C5D2A0
ovl_Item_Shield,DB17D0,DB21E0,C5D2A0,C5DAA0
ovl_Bg_Ice_Shelter,DB21E0,DB3410,C5DAA0,C5E870
ovl_En_Ice_Hono,DB3410,DB4600,C5E870,C5F540
ovl_Item_Ocarina,DB4600,DB4DD0,C5F540,C5FB00
ovl_Magic_Dark,DB4DD0,DB6620,C5FB00,C60E40
ovl_Demo_6K,DB6620,DB9330,C60E40,C62F80
ovl_En_Anubice_Tag,DB9330,DB9600,C62F80,C631F0
ovl_Bg_Haka_Gate,DB9600,DBA680,C631F0,C63EC0
ovl_Bg_Spot15_Saku,DBA680,DBA9C0,C63EC0,C64190
ovl_Bg_Jya_Goroiwa,DBA9C0,DBB140,C64190,C647F0
ovl_Bg_Jya_Zurerukabe,DBB140,DBB7F0,C647F0,C64D40
ovl_Bg_Jya_Cobra,DBB7F0,DBD510,C64D40,C662B0
ovl_Bg_Jya_Kanaami,DBD510,DBD8C0,C662B0,C665A0
ovl_Fishing,DBD8C0,DD1270,C665A0,C73A20
ovl_Obj_Oshihiki,DD1270,DD2D20,C73A20,C74CB0
ovl_Bg_Gate_Shutter,DD2D20,DD31A0,C74CB0,C75030
ovl_Eff_Dust,DD31A0,DD4580,C75030,C75C00
ovl_Bg_Spot01_Fusya,DD4580,DD4820,C75C00,C75E40
ovl_Bg_Spot01_Idohashira,DD4820,DD5420,C75E40,C76770
ovl_Bg_Spot01_Idomizu,DD5420,DD5730,C76770,C76A40
ovl_Bg_Po_Syokudai,DD5730,DD6080,C76A40,C771F0
ovl_Bg_Ganon_Otyuka,DD6080,DD86C0,C771F0,C78F20
ovl_Bg_Spot15_Rrbox,DD86C0,DD94A0,C78F20,C79930
ovl_Bg_Umajump,DD94A0,DD9630,C79930,C79AA0
ovl_En_Insect,DD9630,DDBAF0,C79AA0,C7B2E0
ovl_En_Butte,DDBAF0,DDD0C0,C7B2E0,C7C2C0
ovl_En_Fish,DDD0C0,DDF1D0,C7C2C0,C7D780
ovl_Bg_Spot08_Iceblock,DDF1D0,DE0210,C7D780,C7E330
ovl_Item_Etcetera,DE0210,DE0AE0,C7E330,C7E9C0
ovl_Arrow_Fire,DE0AE0,DE29A0,C7E9C0,C80470
ovl_Arrow_Ice,DE29A0,DE4880,C80470,C81CD0
ovl_Arrow_Light,DE4880,DE6770,C81CD0,C835C0
ovl_Obj_Kibako,DE6770,DE7470,C835C0,C83EA0
ovl_Obj_Tsubo,DE7470,DE8460,C83EA0,C84A00
ovl_En_Wonder_Item,DE8460,DE90B0,C84A00,C852C0
ovl_En_Ik,DE90B0,DED6E0,C852C0,C87BE0
ovl_Demo_Ik,DED6E0,DEEBF0,C87BE0,C888F0
ovl_En_Skj,DEEBF0,DF2450,C888F0,C8ABE0
ovl_En_Skjneedle,DF2450,DF2760,C8ABE0,C8AE90
ovl_En_G_Switch,DF2760,DF3F90,C8AE90,C8C150
ovl_Demo_Ext,DF3F90,DF48D0,C8C150,C8C870
ovl_Demo_Shd,DF48D0,DF6CE0,C8C870,C8E0B0
ovl_En_Dns,DF6CE0,DF8070,C8E0B0,C8ED80
ovl_Elf_Msg,DF8070,DF8660,C8ED80,C8F1E0
ovl_En_Honotrap,DF8660,DF9BB0,C8F1E0,C901B0
ovl_En_Tubo_Trap,DF9BB0,DFA850,C901B0,C90AC0
ovl_Obj_Ice_Poly,DFA850,DFB200,C90AC0,C912B0
ovl_Bg_Spot03_Taki,DFB200,DFBAF0,C912B0,C91980
ovl_Bg_Spot07_Taki,DFBAF0,DFC0B0,C91980,C91DF0
ovl_En_Fz,DFC0B0,DFE0C0,C91DF0,C934E0
ovl_En_Po_Relay,DFE0C0,DFF7D0,C934E0,C94650
ovl_Bg_Relay_Objects,DFF7D0,DFFF80,C94650,C94C70
ovl_En_Diving_Game,DFFF80,E01920,C94C70,C95E60
ovl_En_Kusa,E01920,E02E00,C95E60,C96DB0
ovl_Obj_Bean,E02E00,E05590,C96DB0,C98680
ovl_Obj_Bombiwa,E05590,E05B00,C98680,C98B40
ovl_Obj_Switch,E05B00,E078C0,C98B40,C99E20
ovl_Obj_Elevator,E078C0,E07C80,C99E20,C9A110
ovl_Obj_Lift,E07C80,E086A0,C9A110,C9A950
ovl_Obj_Hsblock,E086A0,E08C70,C9A950,C9AE00
ovl_En_Okarina_Tag,E08C70,E0A150,C9AE00,C9BA10
ovl_En_Yabusame_Mark,E0A150,E0A820,C9BA10,C9BF70
ovl_En_Goroiwa,E0A820,E0CBE0,C9BF70,C9D890
ovl_En_Ex_Ruppy,E0CBE0,E0DCA0,C9D890,C9E550
ovl_En_Toryo,E0DCA0,E0E930,C9E550,C9EE90
ovl_En_Daiku,E0E930,E10070,C9EE90,CA0080
ovl_En_Nwc,E10070,E10AB0,CA0080,CA0930
ovl_En_Blkobj,E10AB0,E11010,CA0930,CA0DB0
ovl_Item_Inbox,E11010,E11170,CA0DB0,CA0EC0
ovl_En_Ge1,E11170,E131A0,CA0EC0,CA22F0
ovl_Obj_Blockstop,E131A0,E13340,CA22F0,CA2470
ovl_En_Sda,E13340,E14980,CA2470,CA3300
ovl_En_Clear_Tag,E14980,E1D4F0,CA3300,CA7730
ovl_En_Niw_Lady,E1D4F0,E1EDD0,CA7730,CA8910
ovl_En_Gm,E1EDD0,E1FB00,CA8910,CA9320
ovl_En_Ms,E1FB00,E201F0,CA9320,CA98D0
ovl_En_Hs,E201F0,E20D90,CA98D0,CAA110
ovl_Bg_Ingate,E20D90,E21120,CAA110,CAA420
ovl_En_Kanban,E21120,E24270,CAA420,CAC240
ovl_En_Heishi3,E24270,E24C40,CAC240,CAC970
ovl_En_Syateki_Niw,E24C40,E26CD0,CAC970,CAE140
ovl_En_Attack_Niw,E26CD0,E27F30,CAE140,CAEEB0
ovl_Bg_Spot01_Idosoko,E27F30,E28140,CAEEB0,CAF070
ovl_En_Sa,E28140,E2A3B0,CAF070,CB0680
ovl_En_Wonder_Talk,E2A3B0,E2AA40,CB0680,CB0BD0
ovl_Bg_Gjyo_Bridge,E2AA40,E2AF40,CB0BD0,CB1010
ovl_En_Ds,E2AF40,E2BB60,CB1010,CB1870
ovl_En_Mk,E2BB60,E2C9F0,CB1870,CB2250
ovl_En_Bom_Bowl_Man,E2C9F0,E2DF30,CB2250,CB31E0
ovl_En_Bom_Bowl_Pit,E2DF30,E2E890,CB31E0,CB3930
ovl_En_Owl,E2E890,E32430,CB3930,CB5BA0
ovl_En_Ishi,E32430,E3B580,CB5BA0,CB6EF0
ovl_Obj_Hana,E3B580,E3B890,CB6EF0,CB7160
ovl_Obj_Lightswitch,E3B890,E3CCC0,CB7160,CB7F60
ovl_Obj_Mure2,E3CCC0,E3D6E0,CB7F60,CB86E0
ovl_En_Go,E3D6E0,E41D20,CB86E0,CBB440
ovl_En_Fu,E41D20,E42A60,CBB440,CBBEB0
ovl_En_Changer,E42A60,E43440,CBBEB0,CBC600
ovl_Bg_Jya_Megami,E43440,E44620,CBC600,CBD4E0
ovl_Bg_Jya_Lift,E44620,E44B70,CBD4E0,CBD930
ovl_Bg_Jya_Bigmirror,E44B70,E453B0,CBD930,CBE040
ovl_Bg_Jya_Bombchuiwa,E453B0,E45EE0,CBE040,CBE910
ovl_Bg_Jya_Amishutter,E45EE0,E46270,CBE910,CBEB60
ovl_Bg_Jya_Bombiwa,E46270,E46830,CBEB60,CBF040
ovl_Bg_Spot18_Basket,E46830,E47820,CBF040,CBFC50
ovl_En_Ganon_Organ,E47820,E4E820,CBFC50,CC32B0
ovl_En_Siofuki,E4E820,E4F5D0,CC32B0,CC3CF0
ovl_En_Stream,E4F5D0,E4FB60,CC3CF0,CC41C0
ovl_En_Mm,E4FB60,E51180,CC41C0,CC52D0
ovl_En_Ko,E51180,E552C0,CC52D0,CC7850
ovl_En_Kz,E552C0,E567D0,CC7850,CC8800
ovl_En_Weather_Tag,E567D0,E576C0,CC8800,CC8F40
ovl_Bg_Sst_Floor,E576C0,E57C20,CC8F40,CC9430
ovl_En_Ani,E57C20,E58950,CC9430,CC9D80
ovl_En_Ex_Item,E58950,E59AD0,CC9D80,CCAA40
ovl_Bg_Jya_Ironobj,E59AD0,E5A880,CCAA40,CCB3A0
ovl_En_Js,E5A880,E5B250,CCB3A0,CCBAC0
ovl_En_Jsjutan,E5B250,E60010,CCBAC0,CCD830
ovl_En_Cs,E60010,E61240,CCD830,CCE610
ovl_En_Md,E61240,E638B0,CCE610,CCFD00
ovl_En_Hy,E638B0,E67200,CCFD00,CD2100
ovl_En_Ganon_Mant,E67200,E6B420,CD2100,CD3E30
ovl_En_Okarina_Effect,E6B420,E6B7D0,CD3E30,CD4110
ovl_En_Mag,E6B7D0,E6E6E0,CD4110,CD61E0
ovl_Door_Gerudo,E6E6E0,E6ECD0,CD61E0,CD66D0
ovl_Elf_Msg2,E6ECD0,E6F140,CD66D0,CD69C0
ovl_Demo_Gt,E6F140,E74740,CD69C0,CD9500
ovl_En_Po_Field,E74740,E78100,CD9500,CDBDF0
ovl_Efc_Erupc,E78100,E78BE0,CDBDF0,CDC700
ovl_Bg_Zg,E78BE0,E79050,CDC700,CDCA90
ovl_En_Heishi4,E79050,E79F50,CDCA90,CDD520
ovl_En_Zl3,E79F50,E81DC0,CDD520,CE1610
ovl_Boss_Ganon2,E81DC0,E930B0,CE1610,CEBC10
ovl_En_Kakasi,E930B0,E93DF0,CEBC10,CEC640
ovl_En_Takara_Man,E93DF0,E946B0,CEC640,CECDC0
ovl_Obj_Makeoshihiki,E946B0,E94B40,CECDC0,CED1A0
ovl_Oceff_Spot,E94B40,E95A70,CED1A0,CEDE90
ovl_End_Title,E95A70,E99BA0,CEDE90,CEF900
ovl_En_Torch,E99BA0,E99C90,CEF900,CEF9E0
ovl_Demo_Ec,E99C90,E9D4F0,CEF9E0,CF1100
ovl_Shot_Sun,E9D4F0,E9DBB0,CF1100,CF16A0
ovl_En_Dy_Extra,E9DBB0,E9E130,CF16A0,CF1B70
ovl_En_Wonder_Talk2,E9E130,E9E7D0,CF1B70,CF2110
ovl_En_Ge2,E9E7D0,EA0170,CF2110,CF32A0
ovl_Obj_Roomtimer,EA0170,EA03C0,CF32A0,CF34A0
ovl_En_Ssh,EA03C0,EA29B0,CF34A0,CF4EF0
ovl_En_Sth,EA29B0,EA6A60,CF4EF0,CF7AB0
ovl_Oceff_Wipe,EA6A60,EA77B0,CF7AB0,CF8680
ovl_Effect_Ss_Dust,EA77B0,EA7FE0,CF8680,CF8D30
ovl_Effect_Ss_KiraKira,EA7FE0,EA8650,CF8D30,CF92D0
ovl_Effect_Ss_Bomb,EA8650,EA8A70,CF92D0,CF96A0
ovl_Effect_Ss_Bomb2,EA8A70,EA93A0,CF96A0,CF9E10
ovl_Effect_Ss_Blast,EA93A0,EA9730,CF9E10,CFA180
ovl_Effect_Ss_G_Spk,EA9730,EA9CE0,CFA180,CFA6A0
ovl_Effect_Ss_D_Fire,EA9CE0,EAA1D0,CFA6A0,CFAB40
ovl_Effect_Ss_Bubble,EAA1D0,EAA650,CFAB40,CFAF40
ovl_Effect_Ss_G_Ripple,EAA650,EAABB0,CFAF40,CFB420
ovl_Effect_Ss_G_Splash,EAABB0,EAB060,CFB420,CFB7F0
ovl_Effect_Ss_G_Magma,EAB060,EAB2C0,CFB7F0,CFBA30
ovl_Effect_Ss_G_Fire,EAB2C0,EAB550,CFBA30,CFBC90
ovl_Effect_Ss_Lightning,EAB550,EABC20,CFBC90,CFC2E0
ovl_Effect_Ss_Dt_Bubble,EABC20,EAC1B0,CFC2E0,CFC7C0
ovl_Effect_Ss_Hahen,EAC1B0,EAC7F0,CFC7C0,CFCCA0
ovl_Effect_Ss_Stick,EAC7F0,EACB90,CFCCA0,CFCFF0
ovl_Effect_Ss_Sibuki,EACB90,EAD260,CFCFF0,CFD600
ovl_Effect_Ss_Sibuki2,EAD260,EAD590,CFD600,CFD910
ovl_Effect_Ss_G_Magma2,EAD590,EADAA0,CFD910,CFDDD0
ovl_Effect_Ss_Stone1,EADAA0,EADE30,CFDDD0,CFE120
ovl_Effect_Ss_HitMark,EADE30,EAE380,CFE120,CFE5E0
ovl_Effect_Ss_Fhg_Flash,EAE380,EAF300,CFE5E0,CFF000
ovl_Effect_Ss_K_Fire,EAF300,EAF730,CFF000,CFF3F0
ovl_Effect_Ss_Solder_Srch_Ball,EAF730,EAF8E0,CFF3F0,CFF590
ovl_Effect_Ss_Kakera,EAF8E0,EB0970,CFF590,D001C0
ovl_Effect_Ss_Ice_Piece,EB0970,EB0DB0,D001C0,D005D0
ovl_Effect_Ss_En_Ice,EB0DB0,EB15C0,D005D0,D00D20
ovl_Effect_Ss_Fire_Tail,EB15C0,EB1CC0,D00D20,D01380
ovl_Effect_Ss_En_Fire,EB1CC0,EB2400,D01380,D019F0
ovl_Effect_Ss_Extra,EB2400,EB27C0,D019F0,D01DA0
ovl_Effect_Ss_Fcircle,EB27C0,EB2C70,D01DA0,D02210
ovl_Effect_Ss_Dead_Db,EB2C70,EB3150,D02210,D026D0
ovl_Effect_Ss_Dead_Dd,EB3150,EB36E0,D026D0,D02BF0
ovl_Effect_Ss_Dead_Ds,EB36E0,EB3B60,D02BF0,D03020
ovl_Effect_Ss_Dead_Sound,EB3B60,EB3CA0,D03020,D03160
ovl_Oceff_Storm,EB3CA0,EB5840,D03160,D04BC0
ovl_En_Weiyer,EB5840,EB7240,D04BC0,D05CF0
ovl_Bg_Spot05_Soko,EB7240,EB7560,D05CF0,D05F80
ovl_Bg_Jya_1flift,EB7560,EB7BF0,D05F80,D06480
ovl_Bg_Jya_Haheniron,EB7BF0,EB83E0,D06480,D06B00
ovl_Bg_Spot12_Gate,EB83E0,EB87F0,D06B00,D06E10
ovl_Bg_Spot12_Saku,EB87F0,EB8CB0,D06E10,D071D0
ovl_En_Hintnuts,EB8CB0,EBA6E0,D071D0,D08370
ovl_En_Nutsball,EBA6E0,EBAD00,D08370,D088F0
ovl_Bg_Spot00_Break,EBAD00,EBAEA0,D088F0,D08A60
ovl_En_Shopnuts,EBAEA0,EBBDB0,D08A60,D094C0
ovl_En_It,EBBDB0,EBBF40,D094C0,D095F0
ovl_En_GeldB,EBBF40,EC1340,D095F0,D0C9F0
ovl_Oceff_Wipe2,EC1340,EC2AB0,D0C9F0,D0D830
ovl_Oceff_Wipe3,EC2AB0,EC4200,D0D830,D0EAC0
ovl_En_Niw_Girl,EC4200,EC4CD0,D0EAC0,D0F410
ovl_En_Dog,EC4CD0,EC5E80,D0F410,D10090
ovl_En_Si,EC5E80,EC6380,D10090,D104B0
ovl_Bg_Spot01_Objects2,EC6380,EC6840,D104B0,D108C0
ovl_Obj_Comb,EC6840,EC70A0,D108C0,D11000
ovl_Bg_Spot11_Bakudankabe,EC70A0,EC76E0,D11000,D11560
ovl_Obj_Kibako2,EC76E0,EC7DA0,D11560,D11B20
ovl_En_Dnt_Demo,EC7DA0,EC8AC0,D11B20,D12570
ovl_En_Dnt_Jiji,EC8AC0,ECA070,D12570,D132B0
ovl_En_Dnt_Nomal,ECA070,ECCFB0,D132B0,D14F50
ovl_En_Guest,ECCFB0,ECD950,D14F50,D15760
ovl_Bg_Bom_Guard,ECD950,ECDB70,D15760,D15950
ovl_En_Hs2,ECDB70,ECE150,D15950,D15E30
ovl_Demo_Kekkai,ECE150,ECF430,D15E30,D16CD0
ovl_Bg_Spot08_Bakudankabe,ECF430,ECFAD0,D16CD0,D17280
ovl_Bg_Spot17_Bakudankabe,ECFAD0,ED01B0,D17280,D17860
ovl_Obj_Mure3,ED01B0,ED0980,D17860,D17E90
ovl_En_Tg,ED0980,ED1050,D17E90,D18460
ovl_En_Mu,ED1050,ED1970,D18460,D18C20
ovl_En_Go2,ED1970,ED7990,D18C20,D1CA10
ovl_En_Wf,ED7990,EDBCA0,D1CA10,D1F560
ovl_En_Skb,EDBCA0,EDD590,D1F560,D20770
ovl_Demo_Gj,EDD590,EE1240,D20770,D223E0
ovl_Demo_Geff,EE1240,EE1A60,D223E0,D229D0
ovl_Bg_Gnd_Firemeiro,EE1A60,EE1FA0,D229D0,D22E20
ovl_Bg_Gnd_Darkmeiro,EE1FA0,EE2760,D22E20,D233E0
ovl_Bg_Gnd_Soulmeiro,EE2760,EE2FC0,D233E0,D23AD0
ovl_Bg_Gnd_Nisekabe,EE2FC0,EE3130,D23AD0,D23C20
ovl_Bg_Gnd_Iceblock,EE3130,EE4220,D23C20,D24760
ovl_Bg_Ydan_Sp,EE4220,EE5990,D24760,D25870
ovl_En_Gb,EE5990,EE70C0,D25870,D269A0
ovl_En_Gs,EE70C0,EE8F60,D269A0,D28020
ovl_Bg_Mizu_Bwall,EE8F60,EEA430,D28020,D28E00
ovl_Bg_Mizu_Shutter,EEA430,EEAC30,D28E00,D29430
ovl_En_Daiku_Kakariko,EEAC30,EEBFF0,D29430,D2A320
ovl_Bg_Bowl_Wall,EEBFF0,EEC970,D2A320,D2AB40
ovl_En_Wall_Tubo,EEC970,EECE50,D2AB40,D2AF40
ovl_En_Po_Desert,EECE50,EEDC10,D2AF40,D2BAA0
ovl_En_Crow,EEDC10,EEF2B0,D2BAA0,D2CB70
ovl_Door_Killer,EEF2B0,EF0820,D2CB70,D2DBF0
ovl_Bg_Spot11_Oasis,EF0820,EF0F50,D2DBF0,D2E220
ovl_Bg_Spot18_Futa,EF0F50,EF10F0,D2E220,D2E380
ovl_Bg_Spot18_Shutter,EF10F0,EF1640,D2E380,D2E7A0
ovl_En_Ma3,EF1640,EF25B0,D2E7A0,D2F390
ovl_En_Cow,EF25B0,EF3A10,D2F390,D300B0
ovl_Bg_Ice_Turara,EF3A10,EF4240,D300B0,D30770
ovl_Bg_Ice_Shutter,EF4240,EF46B0,D30770,D30AD0
ovl_En_Kakasi2,EF46B0,EF4DD0,D30AD0,D31070
ovl_En_Kakasi3,EF4DD0,EF5EB0,D31070,D31CB0
ovl_Oceff_Wipe4,EF5EB0,EF6E90,D31CB0,D32880
ovl_En_Eg,EF6E90,EF7040,D32880,D329E0
ovl_Bg_Menkuri_Nisekabe,EF7040,EF7190,D329E0,D32B00
ovl_En_Zo,EF7190,EF9740,D32B00,D34560
ovl_Effect_Ss_Ice_Smoke,EF9740,EF9C00,D34560,D349A0
ovl_Obj_Makekinsuta,EF9C00,EF9D50,D349A0,D34AE0
ovl_En_Ge3,EF9D50,EFA8A0,D34AE0,D35360
ovl_Obj_Timeblock,EFA8A0,EFB4E0,D35360,D35C50
ovl_Obj_Hamishi,EFB4E0,EFBD30,D35C50,D36360
ovl_En_Zl4,EFBD30,F00760,D36360,D38960
ovl_En_Mm2,F00760,F01520,D38960,D393D0
ovl_Bg_Jya_Block,F01520,F01790,D393D0,D39630
ovl_Obj_Warp2block,F01790,F022C0,D39630,D39F00
gameplay_keep,F03000,F5ECE0,D39F00,D696C0
gameplay_field_keep,F5F000,F6C330,D696C0,D728E0
gameplay_dangeon_keep,F6D000,F84AF0,D728E0,D813C0
gameplay_object_exchange_static,F85000,F85010,D813C0,D813E0
object_link_boy,F86000,FBD800,D813E0,D9B770
object_link_child,FBE000,FEAF80,D9B770,DB1100
object_box,FEB000,FF1000,DB1100,DB42D0
object_human,FF1000,1004180,DB42D0,DBBEE0
object_okuta,1005000,1008C80,DBBEE0,DBDD20
object_poh,1009000,100E0E0,DBDD20,DC1100
object_wallmaster,100F000,1019070,DC1100,DC7A10
object_dy_obj,101A000,1037530,DC7A10,DD9DA0
object_firefly,1038000,10398C0,DD9DA0,DDAC30
object_dodongo,103A000,1043940,DDAC30,DE1870
object_fire,1044000,10480A0,DE1870,DE32A0
object_niw,1049000,104B540,DE32A0,DE4590
object_tite,104C000,104FA30,DE4590,DE6CC0
object_reeba,1050000,1051EF0,DE6CC0,DE80E0
object_peehat,1052000,1053C90,DE80E0,DE8EA0
object_kingdodongo,1054000,10838E0,DE8EA0,E076C0
object_horse,1084000,1091F10,E076C0,E11D90
object_zf,1092000,10A83A0,E11D90,E21120
object_goma,10A9000,10C7200,E21120,E37780
object_zl1,10C8000,10DC3C0,E37780,E423F0
object_gol,10DD000,10E1220,E423F0,E44F70
object_bubble,10E2000,10E30C0,E44F70,E456D0
object_dodojr,10E4000,10E60F0,E456D0,E46F00
object_torch2,10E7000,10EB770,E46F00,E48F60
object_bl,10EC000,10F1850,E48F60,E4B3C0
object_tp,10F2000,10F3CF0,E4B3C0,E4C710
object_oA1,10F4000,10F8710,E4C710,E4EBA0
object_st,10F9000,10FEBB0,E4EBA0,E51EA0
object_bw,10FF000,1101260,E51EA0,E533A0
object_ei,1102000,1105420,E533A0,E55130
object_horse_normal,1106000,110FFC0,E55130,E5D150
object_oB1,1110000,11166B0,E5D150,E60120
object_o_anime,1117000,1119150,E60120,E61D20
object_spot04_objects,111A000,111B6C0,E61D20,E629A0
object_ddan_objects,111C000,1124760,E629A0,E680A0
object_hidan_objects,1125000,113CD20,E680A0,E73E90
object_horse_ganon,113D000,1149090,E73E90,E7C260
object_oA2,114A000,114F6D0,E7C260,E7D690
object_spot00_objects,1150000,1151C10,E7D690,E7E1C0
object_mb,1152000,11661A0,E7E1C0,E8BD60
object_bombf,1167000,1168A00,E8BD60,E8CD00
object_sk2,1169000,1177800,E8CD00,E97FA0
object_oE1,1178000,117E810,E97FA0,E9B0C0
object_oE_anime,117F000,1184060,E9B0C0,E9FCC0
object_oE2,1185000,118AA70,E9FCC0,EA27B0
object_ydan_objects,118B000,1194080,EA27B0,EA9710
object_gnd,1195000,11A8000,EA9710,EB7EF0
object_am,11A8000,11ADB50,EB7EF0,EBAE40
object_dekubaba,11AE000,11B19C0,EBAE40,EBD630
object_oA3,11B2000,11B4130,EBD630,EBE7E0
object_oA4,11B5000,11B6730,EBE7E0,EBF2A0
object_oA5,11B7000,11B86B0,EBF2A0,EBFD20
object_oA6,11B9000,11BAA00,EBFD20,EC0900
object_oA7,11BB000,11BC550,EC0900,EC12F0
object_jj,11BD000,11C8AC0,EC12F0,EC8070
object_oA8,11C9000,11CA7B0,EC8070,EC8AB0
object_oA9,11CB000,11CB520,EC8AB0,EC8E70
object_oB2,11CC000,11D00E0,EC8E70,ECAF50
object_oB3,11D1000,11D5490,ECAF50,ECD170
object_oB4,11D6000,11D7870,ECD170,ECDCC0
object_horse_zelda,11D8000,11DF160,ECDCC0,ED25E0
object_opening_demo1,11E0000,11E5060,ED25E0,ED6EE0
object_warp1,11E6000,11E8CB0,ED6EE0,ED8EF0
object_b_heart,11E9000,11E9640,ED8EF0,ED9390
object_dekunuts,11EA000,11ED660,ED9390,EDB410
object_oE3,11EE000,11F5120,EDB410,EDE8B0
object_oE4,11F6000,11FAFD0,EDE8B0,EE0E60
object_menkuri_objects,11FB000,1203B10,EE0E60,EE6F00
object_oE5,1204000,12095C0,EE6F00,EE9940
object_oE6,120A000,120CE50,EE9940,EEB1B0
object_oE7,120D000,120FA60,EEB1B0,EECB40
object_oE8,1210000,12133D0,EECB40,EEE5E0
object_oE9,1214000,1216F10,EEE5E0,EEFA50
object_oE10,1217000,12199D0,EEFA50,EF1140
object_oE11,121A000,121D1F0,EF1140,EF2810
object_oE12,121E000,12217C0,EF2810,EF4430
object_vali,1222000,1226850,EF4430,EF6A00
object_oA10,1227000,1229EB0,EF6A00,EF8010
object_oA11,122A000,122B5C0,EF8010,EF8B20
object_mizu_objects,122C000,1237320,EF8B20,EFF620
object_fhg,1238000,1248DE0,EFF620,F0A460
object_ossan,1249000,1252B50,F0A460,F0E720
object_mori_hineri1,1253000,12584F0,F0E720,F10750
object_Bb,1259000,125AA40,F10750,F11660
object_toki_objects,125B000,1263450,F11660,F15810
object_yukabyun,1264000,12654F0,F15810,F162A0
object_zl2,1266000,1276D80,F162A0,F1DDB0
object_mjin,1277000,1278290,F1DDB0,F1E7E0
object_mjin_flash,1279000,127A000,F1E7E0,F1F210
object_mjin_dark,127A000,127B000,F1F210,F1FED0
object_mjin_flame,127B000,127C000,F1FED0,F209E0
object_mjin_ice,127C000,127D000,F209E0,F216E0
object_mjin_soul,127D000,127E000,F216E0,F223C0
object_mjin_wind,127E000,127F000,F223C0,F23080
object_mjin_oka,127F000,1280B60,F23080,F244D0
object_haka_objects,1281000,129E6B0,F244D0,F33410
object_spot06_objects,129F000,12A1DA0,F33410,F35460
object_ice_objects,12A2000,12AAD50,F35460,F3B8C0
object_relay_objects,12AB000,12AE630,F3B8C0,F3DE70
object_mori_hineri1a,12AF000,12B24C0,F3DE70,F3F1B0
object_mori_hineri2,12B3000,12B7400,F3F1B0,F40B80
object_mori_hineri2a,12B8000,12BE0B0,F40B80,F430E0
object_mori_objects,12BF000,12C7A10,F430E0,F47300
object_mori_tex,12C8000,12D1E00,F47300,F4D0F0
object_spot08_obj,12D2000,12D7600,F4D0F0,F50630
object_warp2,12D8000,12D8010,F50630,F50650
object_hata,12D9000,12DBFE0,F50650,F51DB0
object_bird,12DC000,12DE1A0,F51DB0,F534A0
object_wood02,12DF000,12E77D0,F534A0,F58330
object_lightbox,12E8000,12E9F40,F58330,F58C80
object_pu_box,12EA000,12EB600,F58C80,F596B0
object_trap,12EC000,12EE3E0,F596B0,F5B220
object_vase,12EF000,12F0590,F5B220,F5C2C0
object_im,12F1000,1303230,F5C2C0,F64FC0
object_ta,1304000,13123F0,F64FC0,F6D000
object_tk,1313000,131EE50,F6D000,F74420
object_xc,131F000,133BB20,F74420,F88490
object_vm,133C000,133FF70,F88490,F8A520
object_bv,1340000,135DDB0,F8A520,F98CC0
object_hakach_objects,135E000,1364AF0,F98CC0,F9D8E0
object_efc_crystal_light,1365000,1365AA0,F9D8E0,F9E340
object_efc_fire_ball,1366000,1366D00,F9E340,F9EFB0
object_efc_flash,1367000,1367010,F9EFB0,F9EFD0
object_efc_lgt_shower,1368000,13692D0,F9EFD0,F9FE50
object_efc_star_field,136A000,136B7D0,F9FE50,FA0EA0
object_god_lgt,136C000,1370350,FA0EA0,FA3B60
object_light_ring,1371000,1372280,FA3B60,FA40E0
object_triforce_spot,1373000,1375910,FA40E0,FA5C40
object_medal,1376000,137B140,FA5C40,FA7880
object_bdan_objects,137C000,1388D10,FA7880,FAF6F0
object_sd,1389000,13956E0,FAF6F0,FB5D20
object_rd,1396000,13A4FF0,FB5D20,FBEDC0
object_po_sisters,13A5000,13B33C0,FBEDC0,FC6E90
object_heavy_object,13B4000,13B5AE0,FC6E90,FC7BB0
object_gndd,13B6000,13C7A00,FC7BB0,FD0FD0
object_fd,13C8000,13D8270,FD0FD0,FDA030
object_du,13D9000,13EB630,FDA030,FE5940
object_fw,13EC000,13F3DE0,FE5940,FEAD70
object_horse_link_child,13F4000,13FCB20,FEAD70,FF0CC0
object_spot02_objects,13FD000,1413620,FF0CC0,FFD030
object_haka,1414000,1415460,FFD030,FFE0E0
object_ru1,1416000,1429A80,FFE0E0,100C5F0
object_syokudai,142A000,142DC90,100C5F0,100E860
object_fd2,142E000,143FA90,100E860,101A040
object_dh,1440000,14490C0,101A040,1020ED0
object_rl,144A000,1451B50,1020ED0,1024C70
object_efc_tw,1452000,14532F0,1024C70,1026010
object_demo_tre_lgt,1454000,1454010,1026010,1026030
object_gi_key,1455000,1455A20,1026030,1026500
object_mir_ray,1456000,1457D00,1026500,1026B70
object_brob,1458000,1459AA0,1026B70,1027930
object_gi_jewel,145A000,145D680,1027930,1029A20
object_spot09_obj,145E000,1476890,1029A20,1038170
object_spot18_obj,1477000,1483A10,1038170,103F690
object_bdoor,1484000,148B5C0,103F690,1043A00
object_spot17_obj,148C000,148D830,1043A00,1044D20
object_shop_dungen,148E000,1491A20,1044D20,1047010
object_nb,1492000,14AA1E0,1047010,1056FA0
object_mo,14AB000,14B2C70,1056FA0,105B240
object_sb,14B3000,14B5CA0,105B240,105C820
object_gi_melody,14B6000,14B6D20,105C820,105CDF0
object_gi_heart,14B7000,14B71F0,105CDF0,105CF80
object_gi_compass,14B8000,14B8D10,105CF80,105D610
object_gi_bosskey,14B9000,14BA010,105D610,105DD60
object_gi_medal,14BB000,14C0370,105DD60,105F600
object_gi_nuts,14C1000,14C21C0,105F600,1060180
object_sa,14C3000,14D8230,1060180,106E960
object_gi_hearts,14D9000,14DA7B0,106E960,106F2C0
object_gi_arrowcase,14DB000,14DBCB0,106F2C0,106F950
object_gi_bombpouch,14DC000,14DCE60,106F950,106FFF0
object_in,14DD000,14F5C50,106FFF0,107DD40
object_tr,14F6000,1508E30,107DD40,1089840
object_spot16_obj,1509000,150A500,1089840,108A8C0
object_oE1s,150B000,1511560,108A8C0,108DAA0
object_oE4s,1512000,1516E00,108DAA0,108FFF0
object_os_anime,1517000,1521640,108FFF0,1098960
object_gi_bottle,1522000,15228F0,1098960,1098E70
object_gi_stick,1523000,15236C0,1098E70,1099390
object_gi_map,1524000,1525160,1099390,109A090
object_oF1d_map,1526000,15365A0,109A090,10A3C20
object_ru2,1537000,15468D0,10A3C20,10AC110
object_gi_shield_1,1547000,1547D50,10AC110,10ACBF0
object_dekujr,1548000,154B510,10ACBF0,10AE7E0
object_gi_magicpot,154C000,154D1D0,10AE7E0,10AF040
object_gi_bomb_1,154E000,154ECB0,10AF040,10AF650
object_oF1s,154F000,15578A0,10AF650,10B38C0
object_ma2,1558000,1561EF0,10B38C0,10B9250
object_gi_purse,1562000,1563B70,10B9250,10BAB40
object_hni,1564000,156EF70,10BAB40,10C35F0
object_tw,156F000,15A8BB0,10C35F0,10E7D20
object_rr,15A9000,15A9E00,10E7D20,10E86D0
object_bxa,15AA000,15ACBF0,10E86D0,10EA510
object_anubice,15AD000,15B09A0,10EA510,10EC700
object_gi_gerudo,15B1000,15B2340,10EC700,10ED360
object_gi_arrow,15B3000,15B4B10,10ED360,10EDDF0
object_gi_bomb_2,15B5000,15B56A0,10EDDF0,10EE2A0
object_gi_egg,15B6000,15B7320,10EE2A0,10EEC70
object_gi_scale,15B8000,15B8DF0,10EEC70,10EF3D0
object_gi_shield_2,15B9000,15BA070,10EF3D0,10EFD40
object_gi_hookshot,15BB000,15BC560,10EFD40,10F0860
object_gi_ocarina,15BD000,15BDBB0,10F0860,10F0F90
object_gi_milk,15BE000,15BF470,10F0F90,10F1900
object_ma1,15C0000,15C8D80,10F1900,10F6010
object_ganon,15C9000,15D9100,10F6010,10FCFE0
object_sst,15DA000,15F37B0,10FCFE0,1106A10
object_ny,15F4000,15F6170,1106A10,1107930
object_fr,15F7000,16024B0,1107930,110BF10
object_gi_pachinko,1603000,1603C60,110BF10,110C650
object_gi_boomerang,1604000,1604DA0,110C650,110CE40
object_gi_bow,1605000,1605D30,110CE40,110D6A0
object_gi_glasses,1606000,1607180,110D6A0,110DEB0
object_gi_liquid,1608000,16098D0,110DEB0,110E940
object_ani,160A000,1611700,110E940,11126E0
object_demo_6k,1612000,1615BA0,11126E0,1114D00
object_gi_shield_3,1616000,16172C0,1114D00,1115440
object_gi_letter,1618000,1618E00,1115440,1115D60
object_spot15_obj,1619000,161AD00,1115D60,1116CC0
object_jya_obj,161B000,1637140,1116CC0,11244A0
object_gi_clothes,1638000,1639860,11244A0,11252F0
object_gi_bean,163A000,163A8C0,11252F0,11258D0
object_gi_fish,163B000,163B950,11258D0,1125E90
object_gi_saw,163C000,163CB80,1125E90,1126580
object_gi_hammer,163D000,163DCC0,1126580,1126C30
object_gi_grass,163E000,163EC10,1126C30,1127400
object_gi_longsword,163F000,163F8C0,1127400,11279A0
object_spot01_objects,1640000,1642490,11279A0,1129480
object_md,1643000,164D150,1129480,112EF70
object_km1,164E000,16539C0,112EF70,1131710
object_kw1,1654000,165A8E0,1131710,1134440
object_zo,165B000,1667040,1134440,113A410
object_kz,1668000,16706E0,113A410,113DDF0
object_umajump,1671000,1672470,113DDF0,113E980
object_masterkokiri,1673000,16734C0,113E980,113EDF0
object_masterkokirihead,1674000,1676CA0,113EDF0,1140270
object_mastergolon,1677000,1677110,1140270,1140350
object_masterzoora,1678000,16787A0,1140350,1140B80
object_aob,1679000,167E6B0,1140B80,1142C20
object_ik,167F000,169F5D0,1142C20,1159B50
object_ahg,16A0000,16A59B0,1159B50,115C790
object_cne,16A6000,16A89D0,115C790,115D9A0
object_gi_niwatori,16A9000,16AA9F0,115D9A0,115E9F0
object_skj,16AB000,16B3E30,115E9F0,1164D80
object_gi_bottle_letter,16B4000,16B4C80,1164D80,1165540
object_bji,16B5000,16B9190,1165540,1167310
object_bba,16BA000,16BE290,1167310,1168FE0
object_gi_ocarina_0,16BF000,16BFC10,1168FE0,11697C0
object_ds,16C0000,16C4780,11697C0,116C1B0
object_ane,16C5000,16CBFB0,116C1B0,116EFC0
object_boj,16CC000,16D1CC0,116EFC0,1171DD0
object_spot03_object,16D2000,16D3660,1171DD0,1172B20
object_spot07_object,16D4000,16DAD30,1172B20,1177570
object_fz,16DB000,16DE4D0,1177570,1178780
object_bob,16DF000,16E3F20,1178780,117A510
object_ge1,16E4000,16EE4B0,117A510,117EF80
object_yabusame_point,16EF000,16EFE50,117EF80,117F540
object_gi_boots_2,16F0000,16F1BC0,117F540,11803C0
object_gi_seed,16F2000,16F2AC0,11803C0,1180B00
object_gnd_magic,16F3000,16F4280,1180B00,1181BE0
object_d_elevator,16F5000,16F6390,1181BE0,1182F20
object_d_hsblock,16F7000,16F8760,1182F20,11841D0
object_d_lift,16F9000,16FA800,11841D0,11858F0
object_mamenoki,16FB000,16FD6E0,11858F0,11878C0
object_goroiwa,16FE000,16FF8A0,11878C0,1188610
object_toryo,1700000,1707160,1188610,118BC70
object_daiku,1708000,1710870,118BC70,1190940
object_nwc,1711000,1711DA0,1190940,11913F0
object_blkobj,1712000,1725890,11913F0,119CE70
object_gm,1726000,17262D0,119CE70,119D0C0
object_ms,1727000,172ADD0,119D0C0,119F160
object_hs,172B000,1731270,119F160,11A24D0
object_ingate,1732000,17331F0,11A24D0,11A2C70
object_lightswitch,1734000,1736420,11A2C70,11A4100
object_kusa,1737000,1737380,11A4100,11A4350
object_tsubo,1738000,17399F0,11A4350,11A5980
object_gi_gloves,173A000,173B960,11A5980,11A65A0
object_gi_coin,173C000,173C850,11A65A0,11A6A20
object_kanban,173D000,173E7B0,11A6A20,11A70B0
object_gjyo_objects,173F000,17405F0,11A70B0,11A7D80
object_owl,1741000,17510C0,11A7D80,11AF3F0
object_mk,1752000,1757E00,11AF3F0,11B2170
object_fu,1758000,175ECA0,11B2170,11B59E0
object_gi_ki_tan_mask,175F000,175FDF0,11B59E0,11B61B0
object_gi_redead_mask,1760000,1760A90,11B61B0,11B66F0
object_gi_skj_mask,1761000,1761CE0,11B66F0,11B6E90
object_gi_rabit_mask,1762000,1762F00,11B6E90,11B7680
object_gi_truth_mask,1763000,1764860,11B7680,11B82E0
object_ganon_objects,1765000,1766170,11B82E0,11B8C20
object_siofuki,1767000,1767DB0,11B8C20,11B92E0
object_stream,1768000,1768A80,11B92E0,11B9890
object_mm,1769000,1771070,11B9890,11BDF60
object_fa,1772000,1775B90,11BDF60,11BF720
object_os,1776000,177A670,11BF720,11C1EC0
object_gi_eye_lotion,177B000,177B970,11C1EC0,11C2400
object_gi_powder,177C000,177CB80,11C2400,11C2AD0
object_gi_mushroom,177D000,177DCD0,11C2AD0,11C3110
object_gi_ticketstone,177E000,177F2A0,11C3110,11C3C90
object_gi_brokensword,1780000,1780990,11C3C90,11C41F0
object_js,1781000,1786F30,11C41F0,11C7320
object_cs,1787000,178F550,11C7320,11CB400
object_gi_prescription,1790000,1790C20,11CB400,11CB960
object_gi_bracelet,1791000,1791BF0,11CB960,11CBF40
object_gi_soldout,1792000,17924D0,11CBF40,11CC1D0
object_gi_frog,1793000,1794110,11CC1D0,11CCB50
object_mag,1795000,17B4440,11CCB50,11D7470
object_door_gerudo,17B5000,17B59A0,11D7470,11D78F0
object_gt,17B6000,17C95F0,11D78F0,11E3290
object_efc_erupc,17CA000,17CC8F0,11E3290,11E4A40
object_zl2_anime1,17CD000,17D8610,11E4A40,11ED450
object_zl2_anime2,17D9000,17E3AE0,11ED450,11F6520
object_gi_golonmask,17E4000,17E57B0,11F6520,11F7490
object_gi_zoramask,17E6000,17E7630,11F7490,11F81B0
object_gi_gerudomask,17E8000,17E9400,11F81B0,11F9010
object_ganon2,17EA000,181E7F0,11F9010,121FE20
object_ka,181F000,18257C0,121FE20,1222460
object_ts,1826000,182AFF0,1222460,1224AB0
object_zg,182B000,182C200,1224AB0,1224D80
object_gi_hoverboots,182D000,182EE70,1224D80,1225EB0
object_gi_m_arrow,182F000,182FE80,1225EB0,1226570
object_ds2,1830000,1834270,1226570,12286B0
object_ec,1835000,1841930,12286B0,1233500
object_fish,1842000,18575F0,1233500,123E400
object_gi_sutaru,1858000,1858650,123E400,123E790
object_gi_goddess,1859000,1859C50,123E790,123ED10
object_ssh,185A000,185FC00,123ED10,1241DF0
object_bigokuta,1860000,1866BD0,1241DF0,1245A70
object_bg,1867000,186E2C0,1245A70,12495C0
object_spot05_objects,186F000,18702F0,12495C0,124A370
object_spot12_obj,1871000,18733C0,124A370,124B670
object_bombiwa,1874000,1874B00,124B670,124C110
object_hintnuts,1875000,1878140,124C110,124E320
object_rs,1879000,187D880,124E320,1250860
object_spot00_break,187E000,187FE20,1250860,1251E60
object_gla,1880000,1889EF0,1251E60,1257EB0
object_shopnuts,188A000,188E590,1257EB0,125AB30
object_geldb,188F000,189A6F0,125AB30,1261D50
object_gr,189B000,18A4C90,1261D50,1264FE0
object_dog,18A5000,18AC2A0,1264FE0,12689F0
object_jya_iron,18AD000,18AF660,12689F0,12698E0
object_jya_door,18B0000,18B2280,12698E0,126A750
object_spot01_objects2,18B3000,18B3010,126A750,126A770
object_spot11_obj,18B4000,18B5A90,126A770,126BBC0
object_kibako2,18B6000,18B70C0,126BBC0,126CA10
object_dns,18B8000,18BB7D0,126CA10,126EEB0
object_dnk,18BC000,18BEE30,126EEB0,1270BA0
object_gi_fire,18BF000,18BFFE0,1270BA0,1271580
object_gi_insect,18C0000,18C0BF0,1271580,1271CC0
object_gi_butterfly,18C1000,18C1BD0,1271CC0,12723F0
object_gi_ghost,18C2000,18C2DB0,12723F0,1272D80
object_gi_soul,18C3000,18C3FB0,1272D80,12735A0
object_bowl,18C4000,18C74F0,12735A0,1274A90
object_po_field,18C8000,18CEA40,1274A90,1278C00
object_demo_kekkai,18CF000,18DDD10,1278C00,12816F0
object_efc_doughnut,18DE000,18DF050,12816F0,1281FC0
object_gi_dekupouch,18E0000,18E1050,1281FC0,1282A10
object_ganon_anime1,18E2000,18EDC40,1282A10,128E7B0
object_ganon_anime2,18EE000,18FE530,128E7B0,129C200
object_ganon_anime3,18FF000,19137F0,129C200,12AD550
object_gi_rupy,1914000,1914800,12AD550,12AD970
object_spot01_matoya,1915000,1918C90,12AD970,12B0560
object_spot01_matoyab,1919000,191B1E0,12B0560,12B1A90
object_po_composer,191C000,1922FA0,12B1A90,12B5D50
object_mu,1923000,192DE50,12B5D50,12BB870
object_wf,192E000,1938500,12BB870,12C1980
object_skb,1939000,193D810,12C1980,12C4DF0
object_gj,193E000,1948720,12C4DF0,12CD070
object_geff,1949000,1949FB0,12CD070,12CDDB0
object_haka_door,194A000,194D970,12CDDB0,12CF7C0
object_gs,194E000,194EA80,12CF7C0,12D02B0
object_ps,194F000,195B900,12D02B0,12D66D0
object_bwall,195C000,195D150,12D66D0,12D72B0
object_crow,195E000,195F0D0,12D72B0,12D7A60
object_cow,1960000,1964EB0,12D7A60,12DA3C0
object_cob,1965000,1967210,12DA3C0,12DB0C0
object_gi_sword_1,1968000,1968D20,12DB0C0,12DB7F0
object_door_killer,1969000,196ABE0,12DB7F0,12DBF70
object_ouke_haka,196B000,196B970,12DBF70,12DC8C0
object_timeblock,196C000,196CB60,12DC8C0,12DD350
object_zl4,196D000,1989E20,12DD350,12F0810
g_pn_01,198A000,198BB00,12F0810,12F1120
g_pn_02,198C000,198DB00,12F1120,12F1A90
g_pn_03,198E000,198FB00,12F1A90,12F22D0
g_pn_04,1990000,1991B00,12F22D0,12F2BD0
g_pn_05,1992000,1993B00,12F2BD0,12F34E0
g_pn_06,1994000,1995B00,12F34E0,12F4040
g_pn_07,1996000,1997B00,12F4040,12F4DB0
g_pn_08,1998000,1999B00,12F4DB0,12F58F0
g_pn_09,199A000,199BB00,12F58F0,12F6480
g_pn_10,199C000,199DB00,12F6480,12F6C30
g_pn_11,199E000,199FB00,12F6C30,12F7870
g_pn_12,19A0000,19A1B00,12F7870,12F8210
g_pn_13,19A2000,19A3B00,12F8210,12F8D00
g_pn_14,19A4000,19A5B00,12F8D00,12F96B0
g_pn_15,19A6000,19A7B00,12F96B0,12F9FF0
g_pn_16,19A8000,19A9B00,12F9FF0,12FA890
g_pn_17,19AA000,19ABB00,12FA890,12FAE80
g_pn_18,19AC000,19ADB00,12FAE80,12FB610
g_pn_19,19AE000,19AFB00,12FB610,12FBED0
g_pn_20,19B0000,19B1B00,12FBED0,12FC770
g_pn_21,19B2000,19B3B00,12FC770,12FCFE0
g_pn_22,19B4000,19B5B00,12FCFE0,12FD9C0
g_pn_23,19B6000,19B7B00,12FD9C0,12FE0C0
g_pn_24,19B8000,19B9B00,12FE0C0,12FE850
g_pn_25,19BA000,19BBB00,12FE850,12FF250
g_pn_26,19BC000,19BDB00,12FF250,12FFE30
g_pn_27,19BE000,19BFB00,12FFE30,13006D0
g_pn_28,19C0000,19C1B00,13006D0,1300FB0
g_pn_29,19C2000,19C3B00,1300FB0,1301610
g_pn_30,19C4000,19C5B00,1301610,1301D60
g_pn_31,19C6000,19C7B00,1301D60,1302610
g_pn_32,19C8000,19C9B00,1302610,1302E80
g_pn_33,19CA000,19CBB00,1302E80,13036D0
g_pn_34,19CC000,19CDB00,13036D0,1303F80
g_pn_35,19CE000,19CFB00,1303F80,13048C0
g_pn_36,19D0000,19D1B00,13048C0,1305120
g_pn_37,19D2000,19D3B00,1305120,1305B90
g_pn_38,19D4000,19D5B00,1305B90,13064B0
g_pn_39,19D6000,19D7B00,13064B0,1307040
g_pn_40,19D8000,19D9B00,1307040,1307BF0
g_pn_41,19DA000,19DBB00,1307BF0,1308410
g_pn_42,19DC000,19DDB00,1308410,1308D00
g_pn_43,19DE000,19DFB00,1308D00,1309660
g_pn_44,19E0000,19E1B00,1309660,130A070
g_pn_45,19E2000,19E3B00,130A070,130A990
g_pn_46,19E4000,19E5B00,130A990,130B100
g_pn_47,19E6000,19E7B00,130B100,130BCF0
g_pn_48,19E8000,19E9B00,130BCF0,130C300
g_pn_49,19EA000,19EBB00,130C300,130CDC0
g_pn_50,19EC000,19EDB00,130CDC0,130D7A0
g_pn_51,19EE000,19EFB00,130D7A0,130E070
g_pn_52,19F0000,19F1B00,130E070,130EAA0
g_pn_53,19F2000,19F3B00,130EAA0,130F480
g_pn_54,19F4000,19F5B00,130F480,130FD80
g_pn_55,19F6000,19F7B00,130FD80,13107C0
g_pn_56,19F8000,19F9B00,13107C0,1311110
g_pn_57,19FA000,19FBB00,1311110,1311310
z_select_static,19FC000,19FE200,1311310,1311B00
nintendo_rogo_static,19FF000,1A01E50,1311B00,1313240
title_static,1A02000,1A3B5C0,1313240,1333ED0
parameter_static,1A3C000,1A3FB00,1333ED0,1334F90
vr_fine0_static,1A40000,1A4C000,1334F90,1337A20
vr_fine0_pal_static,1A4C000,1A4C100,1337A20,0
vr_fine1_static,1A4D000,1A59000,1337B20,133DCD0
vr_fine1_pal_static,1A59000,1A59100,133DCD0,0
vr_fine2_static,1A5A000,1A66000,133DDD0,1342D80
vr_fine2_pal_static,1A66000,1A66100,1342D80,0
vr_fine3_static,1A67000,1A73000,1342E80,1346B70
vr_fine3_pal_static,1A73000,1A73100,1346B70,0
vr_cloud0_static,1A74000,1A80000,1346C70,134D850
vr_cloud0_pal_static,1A80000,1A80100,134D850,0
vr_cloud1_static,1A81000,1A8D000,134D950,1354890
vr_cloud1_pal_static,1A8D000,1A8D100,1354890,0
vr_cloud2_static,1A8E000,1A9A000,1354990,135BCD0
vr_cloud2_pal_static,1A9A000,1A9A100,135BCD0,0
vr_cloud3_static,1A9B000,1AA7000,135BDD0,1360C60
vr_cloud3_pal_static,1AA7000,1AA7100,1360C60,0
vr_holy0_static,1AA8000,1AB8000,1360D60,1367670
vr_holy0_pal_static,1AB8000,1AB8100,1367670,0
vr_holy1_static,1AB9000,1AC9000,1367770,136E030
vr_holy1_pal_static,1AC9000,1AC9100,136E030,0
vr_MDVR_static,1ACA000,1B0A000,136E130,139AD70
vr_MDVR_pal_static,1B0A000,1B0A800,139AD70,0
vr_MNVR_static,1B0B000,1B4B000,139B570,13C1680
vr_MNVR_pal_static,1B4B000,1B4B800,13C1680,0
vr_RUVR_static,1B4C000,1B8C000,13C1E80,13F76E0
vr_RUVR_pal_static,1B8C000,1B8C800,13F76E0,0
vr_LHVR_static,1B8D000,1BCD000,13F7EE0,1434F40
vr_LHVR_pal_static,1BCD000,1BCD800,1434F40,0
vr_KHVR_static,1BCE000,1C0E000,1435740,146F5E0
vr_KHVR_pal_static,1C0E000,1C0E800,146F5E0,0
vr_K3VR_static,1C0F000,1C3F000,146FDE0,149A920
vr_K3VR_pal_static,1C3F000,1C3F600,149A920,0
vr_K4VR_static,1C40000,1C70000,149AF20,14C7AA0
vr_K4VR_pal_static,1C70000,1C70600,14C7AA0,0
vr_K5VR_static,1C71000,1CA1000,14C80A0,14F2B90
vr_K5VR_pal_static,1CA1000,1CA1600,14F2B90,0
vr_SP1a_static,1CA2000,1CC2000,14F3190,1501C70
vr_SP1a_pal_static,1CC2000,1CC2400,1501C70,0
vr_MLVR_static,1CC3000,1D03000,1502070,153B0C0
vr_MLVR_pal_static,1D03000,1D03800,153B0C0,0
vr_KKRVR_static,1D04000,1D44000,153B8C0,155EBD0
vr_KKRVR_pal_static,1D44000,1D44800,155EBD0,0
vr_KR3VR_static,1D45000,1D75000,155F3D0,157AC20
vr_KR3VR_pal_static,1D75000,1D75600,157AC20,0
vr_IPVR_static,1D76000,1DB6000,157B220,159DAC0
vr_IPVR_pal_static,1DB6000,1DB6800,159DAC0,0
vr_KSVR_static,1DB7000,1DD7000,159E2C0,15B63D0
vr_KSVR_pal_static,1DD7000,1DD7400,15B63D0,0
vr_GLVR_static,1DD8000,1DF8000,15B67D0,15D2A90
vr_GLVR_pal_static,1DF8000,1DF8400,15D2A90,0
vr_ZRVR_static,1DF9000,1E19000,15D2E90,15EACA0
vr_ZRVR_pal_static,1E19000,1E19400,15EACA0,0
vr_DGVR_static,1E1A000,1E3A000,15EB0A0,15FF780
vr_DGVR_pal_static,1E3A000,1E3A400,15FF780,0
vr_ALVR_static,1E3B000,1E5B000,15FFB80,1617D10
vr_ALVR_pal_static,1E5B000,1E5B400,1617D10,0
vr_NSVR_static,1E5C000,1E7C000,1618110,162D820
vr_NSVR_pal_static,1E7C000,1E7C400,162D820,0
vr_LBVR_static,1E7D000,1EBD000,162DC20,1659630
vr_LBVR_pal_static,1EBD000,1EBD800,1659630,0
vr_TTVR_static,1EBE000,1EEE000,1659E30,167ABA0
vr_TTVR_pal_static,1EEE000,1EEE600,167ABA0,0
vr_FCVR_static,1EEF000,1F0F000,167B1A0,168D6B0
vr_FCVR_pal_static,1F0F000,1F0F400,168D6B0,0
elf_message_field,1F10000,1F10070,168DAB0,168DB40
elf_message_ydan,1F11000,1F11010,168DB40,168DB60
ddan_scene,1F12000,1F27140,168DB60,169A2F0
ddan_room_0,1F28000,1F43750,169A2F0,16A7680
ddan_room_1,1F44000,1F4DAF0,16A7680,16ACB50
ddan_room_2,1F4E000,1F55D80,16ACB50,16B12A0
ddan_room_3,1F56000,1F63D20,16B12A0,16B8730
ddan_room_4,1F64000,1F6D850,16B8730,16BD3D0
ddan_room_5,1F6E000,1F73EE0,16BD3D0,16C0800
ddan_room_6,1F74000,1F76400,16C0800,16C2020
ddan_room_7,1F77000,1F7E6C0,16C2020,16C5AC0
ddan_room_8,1F7F000,1F88400,16C5AC0,16CB810
ddan_room_9,1F89000,1F94540,16CB810,16D1C10
ddan_room_10,1F95000,1F9CE50,16D1C10,16D6960
ddan_room_11,1F9D000,1F9F080,16D6960,16D7E10
ddan_room_12,1FA0000,1FA8730,16D7E10,16DCE90
ddan_room_13,1FA9000,1FAB480,16DCE90,16DE6F0
ddan_room_14,1FAC000,1FAE490,16DE6F0,16DFF30
ddan_room_15,1FAF000,1FB1850,16DFF30,16E1AC0
ddan_room_16,1FB2000,1FB7540,16E1AC0,16E5900
spot00_scene,1FB8000,1FE2220,16E5900,16FFBB0
spot00_room_0,1FE3000,1FF8230,16FFBB0,1708C00
spot01_scene,1FF9000,2015150,1708C00,171BB80
spot01_room_0,2016000,201FD60,171BB80,1720140
spot02_scene,2020000,202BC80,1720140,1727590
spot02_room_0,202C000,202E660,1727590,1728320
spot02_room_1,202F000,204CE60,1728320,173A590
spot03_scene,204D000,2058560,173A590,17429F0
spot03_room_0,2059000,20668B0,17429F0,1749BD0
spot03_room_1,2067000,206E460,1749BD0,174DED0
spot04_scene,206F000,2080240,174DED0,1758FD0
spot04_room_0,2081000,209C380,1758FD0,1768BD0
spot04_room_1,209D000,20A5560,1768BD0,176DAE0
spot04_room_2,20A6000,20AB010,176DAE0,1770B60
spot05_scene,20AC000,20C0D60,1770B60,177E750
spot05_room_0,20C1000,20CAF00,177E750,1782730
spot06_scene,20CB000,20E6430,1782730,1795610
spot06_room_0,20E7000,20F1620,1795610,179A490
spot07_scene,20F2000,20FB820,179A490,17A1960
spot07_room_0,20FC000,2102240,17A1960,17A43D0
spot07_room_1,2103000,210F870,17A43D0,17AAA40
spot08_scene,2110000,21216A0,17AAA40,17B7CC0
spot08_room_0,2122000,212A150,17B7CC0,17BBA10
spot09_scene,212B000,213C160,17BBA10,17C6EE0
spot09_room_0,213D000,21455D0,17C6EE0,17CA970
spot10_scene,2146000,2156430,17CA970,17D5420
spot10_room_0,2157000,21595F0,17D5420,17D6280
spot10_room_1,215A000,2162430,17D6280,17DAB80
spot10_room_2,2163000,2167BF0,17DAB80,17DD200
spot10_room_3,2168000,216DAB0,17DD200,17E0350
spot10_room_4,216E000,21704D0,17E0350,17E10B0
spot10_room_5,2171000,2177FF0,17E10B0,17E45D0
spot10_room_6,2178000,217BAF0,17E45D0,17E69F0
spot10_room_7,217C000,217E5C0,17E69F0,17E77A0
spot10_room_8,217F000,2181670,17E77A0,17E8590
spot10_room_9,2182000,2185BE0,17E8590,17EA700
spot11_scene,2186000,219F4E0,17EA700,17FC380
spot11_room_0,21A0000,21AC7C0,17FC380,1802D90
spot12_scene,21AD000,21BCE80,1802D90,180CE20
spot12_room_0,21BD000,21CE5C0,180CE20,18161B0
spot12_room_1,21CF000,21DB0A0,18161B0,181CDA0
spot13_scene,21DC000,21E1E30,181CDA0,1820DD0
spot13_room_0,21E2000,21E2910,1820DD0,1821310
spot13_room_1,21E3000,21F5A40,1821310,182C6A0
spot15_scene,21F6000,220E500,182C6A0,183CF00
spot15_room_0,220F000,221C1C0,183CF00,1842B10
spot16_scene,221D000,223BA90,1842B10,1858D90
spot16_room_0,223C000,2246C90,1858D90,185E3B0
spot17_scene,2247000,2256EE0,185E3B0,1869270
spot17_room_0,2257000,225D880,1869270,186C8C0
spot17_room_1,225E000,2270350,186C8C0,18754F0
spot18_scene,2271000,227B450,18754F0,187BEE0
spot18_room_0,227C000,228E7D0,187BEE0,1886680
spot18_room_1,228F000,2295200,1886680,188A500
spot18_room_2,2296000,22A79B0,188A500,18946E0
spot18_room_3,22A8000,22C5CF0,18946E0,18A47A0
market_day_scene,22C6000,22C8670,18A47A0,18A5CD0
market_day_room_0,22C9000,22CE870,18A5CD0,18A7340
market_night_scene,22CF000,22D1630,18A7340,18A8800
market_night_room_0,22D2000,22D77A0,18A8800,18A9DE0
HIDAN_scene,22D8000,22F2970,18A9DE0,18B9660
HIDAN_room_0,22F3000,22FA2C0,18B9660,18BCB60
HIDAN_room_1,22FB000,23079E0,18BCB60,18C2ED0
HIDAN_room_2,2308000,2317FD0,18C2ED0,18C9E40
HIDAN_room_3,2318000,231A4E0,18C9E40,18CB220
HIDAN_room_4,231B000,2322890,18CB220,18CEAE0
HIDAN_room_5,2323000,232D230,18CEAE0,18D2C40
HIDAN_room_6,232E000,2334FA0,18D2C40,18D6670
HIDAN_room_7,2335000,23389E0,18D6670,18D8390
HIDAN_room_8,2339000,2342AC0,18D8390,18DD2F0
HIDAN_room_9,2343000,234B770,18DD2F0,18E0EC0
HIDAN_room_10,234C000,23644A0,18E0EC0,18EAE80
HIDAN_room_11,2365000,23687C0,18EAE80,18ECA30
HIDAN_room_12,2369000,236BB80,18ECA30,18EDD40
HIDAN_room_13,236C000,2378BE0,18EDD40,18F2C50
HIDAN_room_14,2379000,237B260,18F2C50,18F3EA0
HIDAN_room_15,237C000,237D1D0,18F3EA0,18F4840
HIDAN_room_16,237E000,2389970,18F4840,18FA700
HIDAN_room_17,238A000,2393140,18FA700,18FE660
HIDAN_room_18,2394000,2397B80,18FE660,1900630
HIDAN_room_19,2398000,239C1E0,1900630,1902730
HIDAN_room_20,239D000,23A3D10,1902730,1905ED0
HIDAN_room_21,23A4000,23AC4C0,1905ED0,190A710
HIDAN_room_22,23AD000,23B3B00,190A710,190DD90
HIDAN_room_23,23B4000,23BAD20,190DD90,1911570
HIDAN_room_24,23BB000,23C0540,1911570,1913D60
HIDAN_room_25,23C1000,23C7AE0,1913D60,19175F0
HIDAN_room_26,23C8000,23CE8A0,19175F0,191A340
Bmori1_scene,23CF000,23E4F90,191A340,19271A0
Bmori1_room_0,23E5000,23F2BC0,19271A0,192FA70
Bmori1_room_1,23F3000,23F8B60,192FA70,19328C0
Bmori1_room_2,23F9000,2408A30,19328C0,193A020
Bmori1_room_3,2409000,240CA10,193A020,193BC20
Bmori1_room_4,240D000,24102B0,193BC20,193CF70
Bmori1_room_5,2411000,24145E0,193CF70,193EAE0
Bmori1_room_6,2415000,241E4C0,193EAE0,19425E0
Bmori1_room_7,241F000,2432000,19425E0,194BF50
Bmori1_room_8,2432000,2449B70,194BF50,19578C0
Bmori1_room_9,244A000,2454190,19578C0,195C5B0
Bmori1_room_10,2455000,245A3E0,195C5B0,195FAB0
Bmori1_room_11,245B000,2465BD0,195FAB0,1963FE0
Bmori1_room_12,2466000,246E3E0,1963FE0,1968590
Bmori1_room_13,246F000,2477AB0,1968590,196CC60
Bmori1_room_14,2478000,247DBB0,196CC60,196FAE0
Bmori1_room_15,247E000,2480690,196FAE0,1971430
Bmori1_room_16,2481000,2485FA0,1971430,1973970
Bmori1_room_17,2486000,248F150,1973970,19776D0
Bmori1_room_18,2490000,2491340,19776D0,1978140
Bmori1_room_19,2492000,2492510,1978140,1978470
Bmori1_room_20,2493000,2494300,1978470,1979220
Bmori1_room_21,2495000,2496780,1979220,1979E60
Bmori1_room_22,2497000,2498DE0,1979E60,197ABB0
ydan_scene,2499000,24A6A10,197ABB0,1982E60
ydan_room_0,24A7000,24BC2F0,1982E60,198FF80
ydan_room_1,24BD000,24C1150,198FF80,19934D0
ydan_room_2,24C2000,24C7E30,19934D0,1997950
ydan_room_3,24C8000,24DC1A0,1997950,19A53D0
ydan_room_4,24DD000,24E1BD0,19A53D0,19A8BC0
ydan_room_5,24E2000,24EA320,19A8BC0,19AE830
ydan_room_6,24EB000,24EFEC0,19AE830,19B24F0
ydan_room_7,24F0000,24F8910,19B24F0,19B9490
ydan_room_8,24F9000,24F9D00,19B9490,19B9D20
ydan_room_9,24FA000,25038A0,19B9D20,19C17F0
ydan_room_10,2504000,2508D80,19C17F0,19C4CD0
ydan_room_11,2509000,2510170,19C4CD0,19C91C0
kenjyanoma_scene,2511000,25148F0,19C91C0,19CA8C0
kenjyanoma_room_0,2515000,2528110,19CA8C0,19D4120
tokinoma_scene,2529000,253B7A0,19D4120,19DC080
tokinoma_room_0,253C000,25531E0,19DC080,19E3E00
tokinoma_room_1,2554000,255B0D0,19E3E00,19E6B10
link_home_scene,255C000,255DB60,19E6B10,19E7780
link_home_room_0,255E000,2585C80,19E7780,19EED80
kokiri_shop_scene,2586000,2586980,19EED80,19EF340
kokiri_shop_room_0,2587000,25B7C90,19EF340,19F6F50
MIZUsin_scene,25B8000,25CDCF0,19F6F50,1A02C50
MIZUsin_room_0,25CE000,25E3C80,1A02C50,1A0DCE0
MIZUsin_room_1,25E4000,25EE160,1A0DCE0,1A12B60
MIZUsin_room_2,25EF000,25F4B90,1A12B60,1A16010
MIZUsin_room_3,25F5000,25FB710,1A16010,1A19800
MIZUsin_room_4,25FC000,2601FE0,1A19800,1A1CFF0
MIZUsin_room_5,2602000,260C5F0,1A1CFF0,1A234B0
MIZUsin_room_6,260D000,26182A0,1A234B0,1A29A80
MIZUsin_room_7,2619000,261E550,1A29A80,1A2CA70
MIZUsin_room_8,261F000,262CCD0,1A2CA70,1A34D90
MIZUsin_room_9,262D000,2634FE0,1A34D90,1A39440
MIZUsin_room_10,2635000,263AFB0,1A39440,1A3C5A0
MIZUsin_room_11,263B000,263F9B0,1A3C5A0,1A3EF80
MIZUsin_room_12,2640000,2646D90,1A3EF80,1A426F0
MIZUsin_room_13,2647000,2647A00,1A426F0,1A42C80
MIZUsin_room_14,2648000,264EE60,1A42C80,1A466E0
MIZUsin_room_15,264F000,2656430,1A466E0,1A4AB50
MIZUsin_room_16,2657000,265AAD0,1A4AB50,1A4D100
MIZUsin_room_17,265B000,2663A20,1A4D100,1A514E0
MIZUsin_room_18,2664000,26680C0,1A514E0,1A53C40
MIZUsin_room_19,2669000,266C930,1A53C40,1A56280
MIZUsin_room_20,266D000,2673740,1A56280,1A5A000
MIZUsin_room_21,2674000,267B4E0,1A5A000,1A5E020
MIZUsin_room_22,267C000,26850F0,1A5E020,1A62C70
kokiri_home_scene,2686000,2686CC0,1A62C70,1A633E0
kokiri_home_room_0,2687000,26B2C30,1A633E0,1A6BB40
kakusiana_scene,26B3000,26C0820,1A6BB40,1A75C00
kakusiana_room_0,26C1000,26C82A0,1A75C00,1A7A420
kakusiana_room_1,26C9000,26CE190,1A7A420,1A7DCF0
kakusiana_room_2,26CF000,26D18C0,1A7DCF0,1A7F6F0
kakusiana_room_3,26D2000,26D7130,1A7F6F0,1A82FD0
kakusiana_room_4,26D8000,26DF960,1A82FD0,1A88780
kakusiana_room_5,26E0000,26E46E0,1A88780,1A8C240
kakusiana_room_6,26E5000,26EAA70,1A8C240,1A8F9E0
kakusiana_room_7,26EB000,26EEFD0,1A8F9E0,1A92770
kakusiana_room_8,26EF000,26F2630,1A92770,1A946A0
kakusiana_room_9,26F3000,26F8AD0,1A946A0,1A97E70
kakusiana_room_10,26F9000,26FEA30,1A97E70,1A9CAC0
kakusiana_room_11,26FF000,27076B0,1A9CAC0,1AA1E20
kakusiana_room_12,2708000,270FE50,1AA1E20,1AA6DA0
kakusiana_room_13,2710000,2716ED0,1AA6DA0,1AABFF0
entra_scene,2717000,27173E0,1AABFF0,1AAC260
entra_room_0,2718000,273DB70,1AAC260,1AB37E0
bdan_scene,273E000,27537C0,1AB37E0,1AC1530
bdan_room_0,2754000,2758070,1AC1530,1AC37D0
bdan_room_1,2759000,275EE90,1AC37D0,1AC5D30
bdan_room_2,275F000,27681F0,1AC5D30,1ACB070
bdan_room_3,2769000,2770140,1ACB070,1ACF9E0
bdan_room_4,2771000,2775050,1ACF9E0,1AD1930
bdan_room_5,2776000,277C020,1AD1930,1AD5640
bdan_room_6,277D000,2781240,1AD5640,1AD72B0
bdan_room_7,2782000,2785520,1AD72B0,1AD8F80
bdan_room_8,2786000,2789880,1AD8F80,1ADA310
bdan_room_9,278A000,278DC70,1ADA310,1ADBAF0
bdan_room_10,278E000,2791830,1ADBAF0,1ADCE40
bdan_room_11,2792000,2795800,1ADCE40,1ADE1B0
bdan_room_12,2796000,2799CD0,1ADE1B0,1ADF9E0
bdan_room_13,279A000,279CB50,1ADF9E0,1AE1AB0
bdan_room_14,279D000,27A31E0,1AE1AB0,1AE53B0
bdan_room_15,27A4000,27A66E0,1AE53B0,1AE6220
HAKAdan_scene,27A7000,27BF3C0,1AE6220,1AF4600
HAKAdan_room_0,27C0000,27CB0C0,1AF4600,1AF81C0
HAKAdan_room_1,27CC000,27CDAC0,1AF81C0,1AF9020
HAKAdan_room_2,27CE000,27D8910,1AF9020,1AFE760
HAKAdan_room_3,27D9000,27DB940,1AFE760,1B00190
HAKAdan_room_4,27DC000,27DDC40,1B00190,1B01070
HAKAdan_room_5,27DE000,27E3A60,1B01070,1B03E20
HAKAdan_room_6,27E4000,27EB570,1B03E20,1B07430
HAKAdan_room_7,27EC000,27EDAB0,1B07430,1B08270
HAKAdan_room_8,27EE000,27F3060,1B08270,1B0A900
HAKAdan_room_9,27F4000,2800B60,1B0A900,1B10A00
HAKAdan_room_10,2801000,28087A0,1B10A00,1B145E0
HAKAdan_room_11,2809000,280CD40,1B145E0,1B16A10
HAKAdan_room_12,280D000,2812720,1B16A10,1B19650
HAKAdan_room_13,2813000,2813FB0,1B19650,1B1A1A0
HAKAdan_room_14,2814000,2819940,1B1A1A0,1B1CFD0
HAKAdan_room_15,281A000,2821270,1B1CFD0,1B20070
HAKAdan_room_16,2822000,2824880,1B20070,1B215D0
HAKAdan_room_17,2825000,2827CD0,1B215D0,1B22F30
HAKAdan_room_18,2828000,2835280,1B22F30,1B278F0
HAKAdan_room_19,2836000,2838D20,1B278F0,1B293C0
HAKAdan_room_20,2839000,283AE20,1B293C0,1B2A390
HAKAdan_room_21,283B000,28464B0,1B2A390,1B30170
HAKAdan_room_22,2847000,28499A0,1B30170,1B31C30
moribossroom_scene,284A000,284B900,1B31C30,1B33060
moribossroom_room_0,284C000,2851EC0,1B33060,1B36AD0
moribossroom_room_1,2852000,285FAB0,1B36AD0,1B3D890
syatekijyou_scene,2860000,286C2C0,1B3D890,1B44DA0
syatekijyou_room_0,286D000,28746F0,1B44DA0,1B47430
men_scene,2875000,2886530,1B47430,1B529D0
men_room_0,2887000,2896F60,1B529D0,1B5BB60
men_room_1,2897000,28A01F0,1B5BB60,1B611E0
men_room_2,28A1000,28A5F10,1B611E0,1B63AB0
men_room_3,28A6000,28ADC00,1B63AB0,1B68710
men_room_4,28AE000,28B80F0,1B68710,1B6F1A0
men_room_5,28B9000,28BE0D0,1B6F1A0,1B728E0
men_room_6,28BF000,28C6EB0,1B728E0,1B777C0
men_room_7,28C7000,28CF310,1B777C0,1B7CCD0
men_room_8,28D0000,28D8190,1B7CCD0,1B802A0
men_room_9,28D9000,28DC8A0,1B802A0,1B823A0
men_room_10,28DD000,28E2BF0,1B823A0,1B86010
shop1_scene,28E3000,28E32F0,1B86010,1B861E0
shop1_room_0,28E4000,290D7B0,1B861E0,1B8B940
hairal_niwa_scene,290E000,291F390,1B8B940,1B968D0
hairal_niwa_room_0,2920000,292A870,1B968D0,1B9A830
ganon_tou_scene,292B000,292FB70,1B9A830,1B9DF00
ganon_tou_room_0,2930000,2943AF0,1B9DF00,1BAA110
market_alley_scene,2944000,2945250,1BAA110,1BAAA90
market_alley_room_0,2946000,29BB700,1BAAA90,1BBBA00
spot20_scene,29BC000,29CDDC0,1BBBA00,1BC69B0
spot20_room_0,29CE000,29D46D0,1BC69B0,1BC91E0
market_ruins_scene,29D5000,29D6630,1BC91E0,1BC9E30
market_ruins_room_0,29D7000,29D9820,1BC9E30,1BCA800
entra_n_scene,29DA000,29DA430,1BCA800,1BCAA90
entra_n_room_0,29DB000,2A00B70,1BCAA90,1BCFAB0
enrui_scene,2A01000,2A013E0,1BCFAB0,1BCFD20
enrui_room_0,2A02000,2A27B60,1BCFD20,1BD6300
market_alley_n_scene,2A28000,2A292F0,1BD6300,1BD6CF0
market_alley_n_room_0,2A2A000,2A9F6F0,1BD6CF0,1BE3910
hiral_demo_scene,2AA0000,2AA3D50,1BE3910,1BE5040
hiral_demo_room_0,2AA4000,2AA4640,1BE5040,1BE5200
kokiri_home3_scene,2AA5000,2AA67A0,1BE5200,1BE5F40
kokiri_home3_room_0,2AA7000,2ADD610,1BE5F40,1BF0D30
jyasinzou_scene,2ADE000,2AF7B40,1BF0D30,1C00A20
jyasinzou_room_0,2AF8000,2B08F40,1C00A20,1C09410
jyasinzou_room_1,2B09000,2B12300,1C09410,1C0DC70
jyasinzou_room_2,2B13000,2B18C10,1C0DC70,1C10610
jyasinzou_room_3,2B19000,2B1CB50,1C10610,1C12A70
jyasinzou_room_4,2B1D000,2B24270,1C12A70,1C16D20
jyasinzou_room_5,2B25000,2B3CF40,1C16D20,1C22EA0
jyasinzou_room_6,2B3D000,2B41800,1C22EA0,1C24E80
jyasinzou_room_7,2B42000,2B47510,1C24E80,1C27510
jyasinzou_room_8,2B48000,2B50070,1C27510,1C2B2A0
jyasinzou_room_9,2B51000,2B56DF0,1C2B2A0,1C2DCA0
jyasinzou_room_10,2B57000,2B5F1A0,1C2DCA0,1C31850
jyasinzou_room_11,2B60000,2B61010,1C31850,1C322A0
jyasinzou_room_12,2B62000,2B64060,1C322A0,1C336B0
jyasinzou_room_13,2B65000,2B6A850,1C336B0,1C36CF0
jyasinzou_room_14,2B6B000,2B6FC90,1C36CF0,1C392E0
jyasinzou_room_15,2B70000,2B78470,1C392E0,1C3D050
jyasinzou_room_16,2B79000,2B7F190,1C3D050,1C3FD30
jyasinzou_room_17,2B80000,2B89610,1C3FD30,1C43E60
jyasinzou_room_18,2B8A000,2B8FCB0,1C43E60,1C46D80
jyasinzou_room_19,2B90000,2B95DE0,1C46D80,1C49760
jyasinzou_room_20,2B96000,2B9E1C0,1C49760,1C4D310
jyasinzou_room_21,2B9F000,2BA3650,1C4D310,1C4F7F0
jyasinzou_room_22,2BA4000,2BA70D0,1C4F7F0,1C513F0
jyasinzou_room_23,2BA8000,2BB1190,1C513F0,1C55E40
jyasinzou_room_24,2BB2000,2BB84B0,1C55E40,1C58C70
jyasinzou_room_25,2BB9000,2BCEB70,1C58C70,1C64090
jyasinzou_room_26,2BCF000,2BDBB20,1C64090,1C6AE30
jyasinzou_room_27,2BDC000,2BE16C0,1C6AE30,1C6CC90
jyasinzou_room_28,2BE2000,2BEAA20,1C6CC90,1C711F0
ice_doukutu_scene,2BEB000,2BFC610,1C711F0,1C7F1A0
ice_doukutu_room_0,2BFD000,2C05660,1C7F1A0,1C85CF0
ice_doukutu_room_1,2C06000,2C12540,1C85CF0,1C8E9E0
ice_doukutu_room_2,2C13000,2C18AF0,1C8E9E0,1C93090
ice_doukutu_room_3,2C19000,2C21080,1C93090,1C989D0
ice_doukutu_room_4,2C22000,2C29670,1C989D0,1C9E1F0
ice_doukutu_room_5,2C2A000,2C32890,1C9E1F0,1CA3DC0
ice_doukutu_room_6,2C33000,2C37260,1CA3DC0,1CA6CF0
ice_doukutu_room_7,2C38000,2C3D8F0,1CA6CF0,1CAA040
ice_doukutu_room_8,2C3E000,2C3F950,1CAA040,1CAAED0
ice_doukutu_room_9,2C40000,2C48650,1CAAED0,1CB0230
ice_doukutu_room_10,2C49000,2C4D3E0,1CB0230,1CB3870
ice_doukutu_room_11,2C4E000,2C53900,1CB3870,1CB7480
malon_stable_scene,2C54000,2C54670,1CB7480,1CB7820
malon_stable_room_0,2C55000,2C83250,1CB7820,1CBEEB0
kakariko_scene,2C84000,2C84EA0,1CBEEB0,1CBF760
kakariko_room_0,2C85000,2CAFFC0,1CBF760,1CC4FD0
bdan_boss_scene,2CB0000,2CB0E40,1CC4FD0,1CC5920
bdan_boss_room_0,2CB1000,2CB4020,1CC5920,1CC76E0
bdan_boss_room_1,2CB5000,2CBA0C0,1CC76E0,1CCA140
FIRE_bs_scene,2CBB000,2CBFC00,1CCA140,1CCD1C0
FIRE_bs_room_0,2CC0000,2CC4270,1CCD1C0,1CCF770
FIRE_bs_room_1,2CC5000,2CCBFE0,1CCF770,1CD32A0
hut_scene,2CCC000,2CCC510,1CD32A0,1CD35A0
hut_room_0,2CCD000,2CF65A0,1CD35A0,1CD87D0
daiyousei_izumi_scene,2CF7000,2D05000,1CD87D0,1CDF440
daiyousei_izumi_room_0,2D05000,2D08910,1CDF440,1CE0B60
hakaana_scene,2D09000,2D09A90,1CE0B60,1CE1190
hakaana_room_0,2D0A000,2D118D0,1CE1190,1CE5650
yousei_izumi_tate_scene,2D12000,2D1A810,1CE5650,1CEB2D0
yousei_izumi_tate_room_0,2D1B000,2D1F2D0,1CEB2D0,1CECE40
yousei_izumi_yoko_scene,2D20000,2D2CDA0,1CECE40,1CF2C20
yousei_izumi_yoko_room_0,2D2D000,2D31010,1CF2C20,1CF4700
golon_scene,2D32000,2D323A0,1CF4700,1CF4950
golon_room_0,2D33000,2D591D0,1CF4950,1CF92D0
zoora_scene,2D5A000,2D5A390,1CF92D0,1CF9520
zoora_room_0,2D5B000,2D811E0,1CF9520,1CFE780
drag_scene,2D82000,2D823F0,1CFE780,1CFE9F0
drag_room_0,2D83000,2DAEE60,1CFE9F0,1D04D80
alley_shop_scene,2DAF000,2DAF5B0,1D04D80,1D05100
alley_shop_room_0,2DB0000,2DD6C30,1D05100,1D09DB0
night_shop_scene,2DD7000,2DD7670,1D09DB0,1D0A1E0
night_shop_room_0,2DD8000,2E00960,1D0A1E0,1D0F640
impa_scene,2E01000,2E01D10,1D0F640,1D0FD90
impa_room_0,2E02000,2E28FA0,1D0FD90,1D145C0
labo_scene,2E29000,2E29EF0,1D145C0,1D14DF0
labo_room_0,2E2A000,2E566F0,1D14DF0,1D1BCE0
tent_scene,2E57000,2E57680,1D1BCE0,1D1C0C0
tent_room_0,2E58000,2E8B6A0,1D1C0C0,1D25340
nakaniwa_scene,2E8C000,2E8FA20,1D25340,1D26C40
nakaniwa_room_0,2E90000,2EA7EC0,1D26C40,1D34E10
ddan_boss_scene,2EA8000,2EAA860,1D34E10,1D370F0
ddan_boss_room_0,2EAB000,2EAFE30,1D370F0,1D39510
ddan_boss_room_1,2EB0000,2EB3DD0,1D39510,1D3BDB0
ydan_boss_scene,2EB4000,2EB5740,1D3BDB0,1D3D0F0
ydan_boss_room_0,2EB6000,2EBCFF0,1D3D0F0,1D42F70
ydan_boss_room_1,2EBD000,2EC37F0,1D42F70,1D46D20
HAKAdan_bs_scene,2EC4000,2EC6780,1D46D20,1D48980
HAKAdan_bs_room_0,2EC7000,2EC99E0,1D48980,1D49A40
HAKAdan_bs_room_1,2ECA000,2ECFF50,1D49A40,1D4D460
MIZUsin_bs_scene,2ED0000,2ED1A60,1D4D460,1D4E2A0
MIZUsin_bs_room_0,2ED2000,2ED6470,1D4E2A0,1D50F30
MIZUsin_bs_room_1,2ED7000,2EE22F0,1D50F30,1D56B70
ganon_scene,2EE3000,2EF37B0,1D56B70,1D60970
ganon_room_0,2EF4000,2EFBED0,1D60970,1D63ED0
ganon_room_1,2EFC000,2F03770,1D63ED0,1D669C0
ganon_room_2,2F04000,2F0B850,1D669C0,1D69D60
ganon_room_3,2F0C000,2F13730,1D69D60,1D6CB10
ganon_room_4,2F14000,2F1D0D0,1D6CB10,1D71140
ganon_room_5,2F1E000,2F26B10,1D71140,1D74FA0
ganon_room_6,2F27000,2F30BA0,1D74FA0,1D79470
ganon_room_7,2F31000,2F3B7A0,1D79470,1D7DAA0
ganon_room_8,2F3C000,2F42BE0,1D7DAA0,1D80BB0
ganon_room_9,2F43000,2F48920,1D80BB0,1D84740
ganon_boss_scene,2F49000,2F50C20,1D84740,1D8A5E0
ganon_boss_room_0,2F51000,2F56E80,1D8A5E0,1D8BD50
jyasinboss_scene,2F57000,2F5FCF0,1D8BD50,1D904E0
jyasinboss_room_0,2F60000,2F60FD0,1D904E0,1D90D50
jyasinboss_room_1,2F61000,2F68E40,1D90D50,1D94CD0
jyasinboss_room_2,2F69000,2F6CDC0,1D94CD0,1D96660
jyasinboss_room_3,2F6D000,2F78700,1D96660,1D9D8A0
kokiri_home4_scene,2F79000,2F7AAB0,1D9D8A0,1D9E880
kokiri_home4_room_0,2F7B000,2FB3950,1D9E880,1DAB2A0
kokiri_home5_scene,2FB4000,2FB5410,1DAB2A0,1DABE60
kokiri_home5_room_0,2FB6000,2FE6F60,1DABE60,1DB5550
ganon_final_scene,2FE7000,2FF9180,1DB5550,1DC25F0
ganon_final_room_0,2FFA000,3006EB0,1DC25F0,1DC7630
kakariko3_scene,3007000,3007840,1DC7630,1DC7AF0
kakariko3_room_0,3008000,3032580,1DC7AF0,1DCE300
hakasitarelay_scene,3033000,3041270,1DCE300,1DD74E0
hakasitarelay_room_0,3042000,30492C0,1DD74E0,1DDBA90
hakasitarelay_room_1,304A000,3050720,1DDBA90,1DDF510
hakasitarelay_room_2,3051000,30594B0,1DDF510,1DE3DD0
hakasitarelay_room_3,305A000,3062CE0,1DE3DD0,1DE95D0
hakasitarelay_room_4,3063000,3067480,1DE95D0,1DEC8D0
hakasitarelay_room_5,3068000,306C450,1DEC8D0,1DEF8F0
hakasitarelay_room_6,306D000,3074AB0,1DEF8F0,1DF4820
shrine_scene,3075000,30764E0,1DF4820,1DF5370
shrine_room_0,3077000,30C9AF0,1DF5370,1E02B10
turibori_scene,30CA000,30DC6E0,1E02B10,1E0F890
turibori_room_0,30DD000,30E3760,1E0F890,1E12860
shrine_n_scene,30E4000,30E5500,1E12860,1E133C0
shrine_n_room_0,30E6000,3138B10,1E133C0,1E1D7E0
shrine_r_scene,3139000,313A490,1E1D7E0,1E1E2D0
shrine_r_room_0,313B000,318DAF0,1E1E2D0,1E28A50
ganontika_scene,318E000,31AF7C0,1E28A50,1E3D460
ganontika_room_0,31B0000,31B91C0,1E3D460,1E406B0
ganontika_room_1,31BA000,31D69B0,1E406B0,1E4D3A0
ganontika_room_2,31D7000,31DE7E0,1E4D3A0,1E51180
ganontika_room_3,31DF000,31E8990,1E51180,1E56250
ganontika_room_4,31E9000,31F0C90,1E56250,1E59D50
ganontika_room_5,31F1000,31F8540,1E59D50,1E5D470
ganontika_room_6,31F9000,3208BF0,1E5D470,1E62BE0
ganontika_room_7,3209000,3210C90,1E62BE0,1E668E0
ganontika_room_8,3211000,321A070,1E668E0,1E6A500
ganontika_room_9,321B000,3226890,1E6A500,1E6E120
ganontika_room_10,3227000,322DB70,1E6E120,1E71190
ganontika_room_11,322E000,3234950,1E71190,1E74130
ganontika_room_12,3235000,3240370,1E74130,1E78F20
ganontika_room_13,3241000,3248D40,1E78F20,1E7CCD0
ganontika_room_14,3249000,32531A0,1E7CCD0,1E80D70
ganontika_room_15,3254000,325BD40,1E80D70,1E84B20
ganontika_room_16,325C000,325EE20,1E84B20,1E85CB0
ganontika_room_17,325F000,32676A0,1E85CB0,1E88BA0
ganontika_room_18,3268000,3274670,1E88BA0,1E8D670
ganontika_room_19,3275000,327CD40,1E8D670,1E91410
hakaana2_scene,327D000,328A090,1E91410,1E9ABD0
hakaana2_room_0,328B000,3291810,1E9ABD0,1E9D630
gerudoway_scene,3292000,329F920,1E9D630,1EA5200
gerudoway_room_0,32A0000,32A4D40,1EA5200,1EA7840
gerudoway_room_1,32A5000,32AC2B0,1EA7840,1EAB060
gerudoway_room_2,32AD000,32B0E50,1EAB060,1EAC990
gerudoway_room_3,32B1000,32BC310,1EAC990,1EB1BF0
gerudoway_room_4,32BD000,32C0920,1EB1BF0,1EB3480
gerudoway_room_5,32C1000,32C5E40,1EB3480,1EB5370
HAKAdanCH_scene,32C6000,32D2560,1EB5370,1EBCBB0
HAKAdanCH_room_0,32D3000,32E85F0,1EBCBB0,1EC7170
HAKAdanCH_room_1,32E9000,32F42D0,1EC7170,1ECBB70
HAKAdanCH_room_2,32F5000,32F8190,1ECBB70,1ECCFE0
HAKAdanCH_room_3,32F9000,32FAC60,1ECCFE0,1ECDDE0
HAKAdanCH_room_4,32FB000,32FD450,1ECDDE0,1ECF430
HAKAdanCH_room_5,32FE000,3300960,1ECF430,1ED0CB0
HAKAdanCH_room_6,3301000,3303E80,1ED0CB0,1ED2FC0
hairal_niwa_n_scene,3304000,330D0F0,1ED2FC0,1ED93E0
hairal_niwa_n_room_0,330E000,3311620,1ED93E0,1EDA760
bowling_scene,3312000,3320B20,1EDA760,1EE2C70
bowling_room_0,3321000,33271E0,1EE2C70,1EE53B0
hakaana_ouke_scene,3328000,332CAE0,1EE53B0,1EE8100
hakaana_ouke_room_0,332D000,3337800,1EE8100,1EECCE0
hakaana_ouke_room_1,3338000,333C800,1EECCE0,1EEF4A0
hakaana_ouke_room_2,333D000,3343110,1EEF4A0,1EF3390
hylia_labo_scene,3344000,3355090,1EF3390,1EFCE60
hylia_labo_room_0,3356000,335D5D0,1EFCE60,1EFFB00
souko_scene,335E000,3364C10,1EFFB00,1F038F0
souko_room_0,3365000,336E540,1F038F0,1F089F0
souko_room_1,336F000,3379430,1F089F0,1F0DF00
souko_room_2,337A000,3382180,1F0DF00,1F12320
miharigoya_scene,3383000,338F550,1F12320,1F197E0
miharigoya_room_0,3390000,3393DB0,1F197E0,1F1ADC0
mahouya_scene,3394000,339EA20,1F1ADC0,1F21E60
mahouya_room_0,339F000,33A5A90,1F21E60,1F24770
takaraya_scene,33A6000,33AD1B0,1F24770,1F28550
takaraya_room_0,33AE000,33B7DC0,1F28550,1F2DAB0
takaraya_room_1,33B8000,33BA000,1F2DAB0,1F2E9E0
takaraya_room_2,33BA000,33BC030,1F2E9E0,1F2F930
takaraya_room_3,33BD000,33BF820,1F2F930,1F30EE0
takaraya_room_4,33C0000,33C3020,1F30EE0,1F329D0
takaraya_room_5,33C4000,33C7000,1F329D0,1F34490
takaraya_room_6,33C7000,33C9B00,1F34490,1F35BA0
ganon_sonogo_scene,33CA000,33D1F10,1F35BA0,1F3A440
ganon_sonogo_room_0,33D2000,33D9E80,1F3A440,1F3DB00
ganon_sonogo_room_1,33DA000,33E1BB0,1F3DB00,1F41140
ganon_sonogo_room_2,33E2000,33EACA0,1F41140,1F45890
ganon_sonogo_room_3,33EB000,33F0640,1F45890,1F47D90
ganon_sonogo_room_4,33F1000,33F9CF0,1F47D90,1F4C290
ganon_demo_scene,33FA000,3403070,1F4C290,1F537B0
ganon_demo_room_0,3404000,3408150,1F537B0,1F55AD0
face_shop_scene,3409000,3409370,1F55AD0,1F55D00
face_shop_room_0,340A000,3438640,1F55D00,1F5E400
kinsuta_scene,3439000,343A610,1F5E400,1F5F1A0
kinsuta_room_0,343B000,34490A0,1F5F1A0,1F68DE0
ganontikasonogo_scene,344A000,344EB00,1F68DE0,1F6B900
ganontikasonogo_room_0,344F000,3466B80,1F6B900,1F76180
ganontikasonogo_room_1,3467000,3470F20,1F76180,1F7A260
bump_texture_static,3471000,3471400,1F7A260,1F7A500
anime_model_1_static,3472000,3472010,1F7A500,1F7A520
anime_model_2_static,3473000,3473010,1F7A520,1F7A540
anime_model_3_static,3474000,3474010,1F7A540,1F7A560
anime_model_4_static,3475000,3475010,1F7A560,1F7A580
anime_model_5_static,3476000,3476010,1F7A580,1F7A5A0
anime_model_6_static,3477000,3477010,1F7A5A0,1F7A5C0
anime_texture_1_static,3478000,3478010,1F7A5C0,1F7A5E0
anime_texture_2_static,3479000,3479010,1F7A5E0,1F7A600
anime_texture_3_static,347A000,347A010,1F7A600,1F7A620
anime_texture_4_static,347B000,347B010,1F7A620,1F7A640
anime_texture_5_static,347C000,347C010,1F7A640,1F7A660
anime_texture_6_static,347D000,347D010,1F7A660,1F7A680
softsprite_matrix_static,347E000,347E040,1F7A680,1F7A6A0
